"bedrock","distance","groundingline","h","ssavelocity 1","ssavelocity 2","zb","Points:0","Points:1","Points:2"
-858.81,3.9e+05,858.81,1098.8,-17.716,-0.25264,-858.81,-3.9e+05,0,0
-860.31,3.902e+05,860.31,1099.8,-17.676,0.21786,-860.31,-3.902e+05,450,0
-861.8,3.9041e+05,861.8,1100.8,-17.635,0.68836,-861.8,-3.904e+05,900,0
-863.3,3.9061e+05,863.3,1101.9,-17.595,1.1589,-863.3,-3.906e+05,1350,0
-864.79,3.9082e+05,864.79,1102.9,-17.554,1.6294,-864.79,-3.908e+05,1800,0
-866.29,3.9102e+05,866.29,1103.9,-17.514,2.0999,-866.29,-3.91e+05,2250,0
-867.78,3.9123e+05,867.78,1105,-17.474,2.5704,-867.78,-3.912e+05,2700,0
-869.28,3.9143e+05,869.28,1106,-17.433,3.0409,-869.28,-3.914e+05,3150,0
-870.78,3.9164e+05,870.78,1107,-17.393,3.5114,-870.78,-3.916e+05,3600,0
-872.27,3.9184e+05,872.27,1108,-17.352,3.9819,-872.27,-3.918e+05,4050,0
-873.77,3.9205e+05,873.77,1109.1,-17.312,4.4524,-873.77,-3.92e+05,4500,0
-875.26,3.9225e+05,875.26,1110.1,-17.272,4.9229,-875.26,-3.922e+05,4950,0
-876.76,3.9246e+05,876.76,1111.1,-17.231,5.3934,-876.76,-3.924e+05,5400,0
-878.25,3.9266e+05,878.25,1112.2,-17.191,5.8639,-878.25,-3.926e+05,5850,0
-879.75,3.9287e+05,879.75,1113.2,-17.15,6.3344,-879.75,-3.928e+05,6300,0
-881.25,3.9307e+05,881.25,1114.2,-17.11,6.8049,-881.25,-3.93e+05,6750,0
-882.74,3.9328e+05,882.74,1115.3,-17.07,7.2754,-882.74,-3.932e+05,7200,0
-884.24,3.9348e+05,884.24,1116.3,-17.029,7.7459,-884.24,-3.934e+05,7650,0
-885.73,3.9369e+05,885.73,1117.3,-16.989,8.2164,-885.73,-3.936e+05,8100,0
-887.23,3.9389e+05,887.23,1118.3,-16.948,8.6869,-887.23,-3.938e+05,8550,0
-889.18,3.9411e+05,889.18,1119.1,-17.077,9.1502,-889.18,-3.94e+05,9000,0
-891.27,3.9432e+05,891.27,1119.7,-17.261,9.6112,-891.27,-3.942e+05,9450,0
-893.08,3.9454e+05,893.08,1120.1,-17.447,10.081,-893.08,-3.944e+05,9900,0
-894.05,3.9475e+05,894.05,1119.5,-17.637,10.575,-894.05,-3.946e+05,10350,0
-895.03,3.9497e+05,895.03,1119,-17.828,11.069,-895.03,-3.948e+05,10800,0
-896,3.9518e+05,896,1118.4,-18.019,11.563,-896,-3.95e+05,11250,0
-896.98,3.9539e+05,896.98,1117.8,-18.209,12.057,-896.98,-3.952e+05,11700,0
-897.95,3.9561e+05,897.95,1117.3,-18.4,12.551,-897.95,-3.954e+05,12150,0
-898.92,3.9582e+05,898.92,1116.7,-18.591,13.046,-898.92,-3.956e+05,12600,0
-899.9,3.9604e+05,899.9,1116.1,-18.781,13.54,-899.9,-3.958e+05,13050,0
-900.87,3.9625e+05,900.87,1115.6,-18.972,14.034,-900.87,-3.96e+05,13500,0
-901.85,3.9647e+05,901.85,1115,-19.163,14.528,-901.85,-3.962e+05,13950,0
-902.82,3.9668e+05,902.82,1114.4,-19.353,15.022,-902.82,-3.964e+05,14400,0
-903.79,3.969e+05,903.79,1113.9,-19.544,15.516,-903.79,-3.966e+05,14850,0
-904.77,3.9711e+05,904.77,1113.3,-19.735,16.011,-904.77,-3.968e+05,15300,0
-905.74,3.9733e+05,905.74,1112.7,-19.925,16.505,-905.74,-3.97e+05,15750,0
-906.72,3.9754e+05,906.72,1112.2,-20.116,16.999,-906.72,-3.972e+05,16200,0
-907.69,3.9776e+05,907.69,1111.6,-20.307,17.493,-907.69,-3.974e+05,16650,0
-908.66,3.9797e+05,908.66,1111,-20.497,17.987,-908.66,-3.976e+05,17100,0
-909.98,3.9819e+05,909.98,1110.9,-20.731,18.489,-909.98,-3.978e+05,17550,0
-911.62,3.9841e+05,911.62,1111.2,-21.006,18.997,-911.62,-3.98e+05,18000,0
-913.25,3.9864e+05,913.25,1111.6,-21.281,19.505,-913.25,-3.982e+05,18450,0
-914.89,3.9886e+05,914.89,1111.9,-21.555,20.013,-914.89,-3.984e+05,18900,0
-916.53,3.9909e+05,916.53,1112.2,-21.83,20.521,-916.53,-3.986e+05,19350,0
-917.67,3.9931e+05,917.67,1112.1,-22.07,21.07,-917.67,-3.988e+05,19800,0
-918.31,3.9954e+05,918.31,1111.5,-22.276,21.658,-918.31,-3.99e+05,20250,0
-918.96,3.9976e+05,918.96,1111,-22.481,22.246,-918.96,-3.992e+05,20700,0
-919.61,3.9998e+05,919.61,1110.4,-22.687,22.834,-919.61,-3.994e+05,21150,0
-920.25,4.0021e+05,920.25,1109.8,-22.893,23.423,-920.25,-3.996e+05,21600,0
-920.9,4.0043e+05,920.9,1109.2,-23.098,24.011,-920.9,-3.998e+05,22050,0
-921.54,4.0065e+05,921.54,1108.7,-23.304,24.599,-921.54,-4e+05,22500,0
-922.19,4.0088e+05,922.19,1108.1,-23.51,25.187,-922.19,-4.002e+05,22950,0
-922.84,4.011e+05,922.84,1107.5,-23.715,25.775,-922.84,-4.004e+05,23400,0
-923.48,4.0133e+05,923.48,1107,-23.921,26.364,-923.48,-4.006e+05,23850,0
-924.13,4.0155e+05,924.13,1106.4,-24.127,26.952,-924.13,-4.008e+05,24300,0
-924.77,4.0177e+05,924.77,1105.8,-24.332,27.54,-924.77,-4.01e+05,24750,0
-925.42,4.02e+05,925.42,1105.3,-24.538,28.128,-925.42,-4.012e+05,25200,0
-926.06,4.0222e+05,926.06,1104.7,-24.744,28.716,-926.06,-4.014e+05,25650,0
-926.89,4.0245e+05,914.16,1104.1,-25.012,29.327,-926.89,-4.016e+05,26100,0
-928.24,4.0268e+05,867.47,1103.2,-25.455,30.001,-928.24,-4.018e+05,26550,0
-929.58,4.0292e+05,820.77,1102.4,-25.898,30.675,-929.58,-4.02e+05,27000,0
-930.92,4.0315e+05,774.07,1101.6,-26.341,31.348,-930.92,-4.022e+05,27450,0
-932.26,4.0338e+05,727.37,1100.8,-26.784,32.022,-932.26,-4.024e+05,27900,0
-933.6,4.0362e+05,680.67,1099.9,-27.228,32.696,-933.6,-4.026e+05,28350,0
-934.95,4.0385e+05,633.97,1099.1,-27.671,33.37,-934.95,-4.028e+05,28800,0
-936.29,4.0408e+05,587.27,1098.3,-28.114,34.043,-936.29,-4.03e+05,29250,0
-936.97,4.0432e+05,538.78,1096.7,-28.414,34.886,-936.97,-4.032e+05,29700,0
-937.45,4.0455e+05,489.71,1094.9,-28.668,35.785,-937.45,-4.034e+05,30150,0
-937.92,4.0478e+05,440.64,1093.1,-28.922,36.683,-937.92,-4.036e+05,30600,0
-938.39,4.0502e+05,391.57,1091.2,-29.176,37.581,-938.39,-4.038e+05,31050,0
-938.87,4.0525e+05,342.51,1089.4,-29.43,38.479,-938.87,-4.04e+05,31500,0
-939.34,4.0548e+05,293.44,1087.6,-29.684,39.377,-939.34,-4.042e+05,31950,0
-939.81,4.0571e+05,244.37,1085.7,-29.938,40.275,-939.81,-4.044e+05,32400,0
-940.29,4.0595e+05,195.3,1083.9,-30.192,41.173,-940.29,-4.046e+05,32850,0
-940.76,4.0618e+05,146.23,1082.1,-30.446,42.071,-940.76,-4.048e+05,33300,0
-941.23,4.0641e+05,97.159,1080.3,-30.7,42.969,-941.23,-4.05e+05,33750,0
-941.71,4.0665e+05,48.09,1078.4,-30.954,43.867,-941.71,-4.052e+05,34200,0
-942.19,4.0688e+05,-0.98644,1076.6,-31.215,44.768,-942.16,-4.054e+05,34650,0
-943.36,4.0712e+05,-50.394,1074.3,-31.836,45.77,-941.65,-4.056e+05,35100,0
-944.54,4.0736e+05,-99.802,1072.1,-32.456,46.772,-941.15,-4.058e+05,35550,0
-945.71,4.0761e+05,-149.21,1069.9,-33.077,47.775,-940.64,-4.06e+05,36000,0
-946.88,4.0785e+05,-198.62,1067.6,-33.697,48.777,-940.14,-4.062e+05,36450,0
-948.05,4.0809e+05,-248.03,1065.4,-34.318,49.78,-939.63,-4.064e+05,36900,0
-949.22,4.0833e+05,-297.43,1063.2,-34.938,50.782,-939.13,-4.066e+05,37350,0
-950.39,4.0857e+05,-346.84,1060.9,-35.559,51.785,-938.62,-4.068e+05,37800,0
-951.57,4.0882e+05,-396.25,1058.7,-36.179,52.787,-938.11,-4.07e+05,38250,0
-952.74,4.0906e+05,-445.66,1056.4,-36.8,53.79,-937.61,-4.072e+05,38700,0
-953.9,4.093e+05,-495.07,1054.2,-37.42,54.792,-937.1,-4.074e+05,39150,0
-954.32,4.0954e+05,-545.23,1052.9,-38.038,55.704,-936.34,-4.076e+05,39600,0
-954.74,4.0978e+05,-595.38,1051.7,-38.657,56.616,-935.58,-4.078e+05,40050,0
-955.16,4.1003e+05,-645.54,1050.4,-39.275,57.528,-934.82,-4.08e+05,40500,0
-955.58,4.1027e+05,-695.7,1049.2,-39.893,58.441,-934.06,-4.082e+05,40950,0
-956,4.1051e+05,-745.85,1047.9,-40.511,59.353,-933.3,-4.084e+05,41400,0
-956.42,4.1075e+05,-796.01,1046.7,-41.129,60.265,-932.54,-4.086e+05,41850,0
-956.84,4.1099e+05,-846.17,1045.4,-41.748,61.177,-931.77,-4.088e+05,42300,0
-957.25,4.1123e+05,-896.32,1044.2,-42.366,62.089,-931.01,-4.09e+05,42750,0
-957.67,4.1148e+05,-946.48,1042.9,-42.984,63.002,-930.25,-4.092e+05,43200,0
-958.62,4.1172e+05,-958.62,1043.3,-43.248,63.817,-930.63,-4.094e+05,43650,0
-959.71,4.1197e+05,-959.71,1044.1,-43.409,64.605,-931.35,-4.096e+05,44100,0
-960.81,4.1223e+05,-960.81,1044.9,-43.57,65.392,-932.06,-4.098e+05,44550,0
-961.9,4.1248e+05,-961.9,1045.7,-43.732,66.18,-932.78,-4.1e+05,45000,0
-963,4.1273e+05,-963,1046.5,-43.893,66.967,-933.49,-4.102e+05,45450,0
-964.1,4.1298e+05,-964.1,1047.3,-44.054,67.755,-934.2,-4.104e+05,45900,0
-965.19,4.1323e+05,-965.19,1048.1,-44.215,68.543,-934.92,-4.106e+05,46350,0
-966.29,4.1348e+05,-966.29,1048.9,-44.376,69.33,-935.63,-4.108e+05,46800,0
-967.38,4.1373e+05,-967.38,1049.7,-44.537,70.118,-936.35,-4.11e+05,47250,0
-968.48,4.1398e+05,-968.48,1050.5,-44.699,70.905,-937.06,-4.112e+05,47700,0
-969.58,4.1423e+05,-969.58,1051.3,-44.86,71.693,-937.78,-4.114e+05,48150,0
-970.67,4.1448e+05,-970.67,1052.1,-45.021,72.48,-938.49,-4.116e+05,48600,0
-971.6,4.1473e+05,-971.6,1052.4,-45.255,73.263,-938.81,-4.118e+05,49050,0
-972.05,4.1498e+05,-972.05,1051.5,-45.697,74.034,-937.99,-4.12e+05,49500,0
-972.5,4.1523e+05,-972.5,1050.6,-46.14,74.804,-937.17,-4.122e+05,49950,0
-972.95,4.1548e+05,-972.95,1049.7,-46.582,75.574,-936.36,-4.124e+05,50400,0
-973.39,4.1573e+05,-973.39,1048.8,-47.025,76.345,-935.54,-4.126e+05,50850,0
-973.84,4.1598e+05,-973.84,1047.9,-47.467,77.115,-934.72,-4.128e+05,51300,0
-974.29,4.1623e+05,-974.29,1047,-47.909,77.886,-933.91,-4.13e+05,51750,0
-975.08,4.1649e+05,-975.08,1045.8,-48.195,78.618,-932.83,-4.132e+05,52200,0
-976.17,4.1675e+05,-976.17,1044.3,-48.342,79.316,-931.54,-4.134e+05,52650,0
-977.26,4.17e+05,-977.26,1042.8,-48.489,80.015,-930.24,-4.136e+05,53100,0
-978.34,4.1726e+05,-978.34,1041.4,-48.636,80.713,-928.94,-4.138e+05,53550,0
-979.43,4.1752e+05,-979.43,1039.9,-48.783,81.411,-927.64,-4.14e+05,54000,0
-980.52,4.1778e+05,-980.52,1038.5,-48.93,82.11,-926.35,-4.142e+05,54450,0
-981.61,4.1804e+05,-981.61,1037,-49.077,82.808,-925.05,-4.144e+05,54900,0
-982.69,4.183e+05,-982.69,1035.6,-49.224,83.507,-923.75,-4.146e+05,55350,0
-983.78,4.1856e+05,-983.78,1034.1,-49.371,84.205,-922.45,-4.148e+05,55800,0
-984.87,4.1882e+05,-984.87,1032.7,-49.518,84.903,-921.16,-4.15e+05,56250,0
-985.96,4.1908e+05,-985.96,1031.2,-49.665,85.602,-919.86,-4.152e+05,56700,0
-987.05,4.1933e+05,-987.05,1029.7,-49.812,86.3,-918.56,-4.154e+05,57150,0
-988.13,4.1959e+05,-988.13,1028.3,-49.959,86.999,-917.26,-4.156e+05,57600,0
-989.22,4.1985e+05,-989.22,1026.8,-50.106,87.697,-915.96,-4.158e+05,58050,0
-990.31,4.2011e+05,-990.31,1025.4,-50.253,88.395,-914.67,-4.16e+05,58500,0
-991.11,4.2037e+05,-991.11,1023.7,-50.482,89.05,-913.15,-4.162e+05,58950,0
-991.65,4.2063e+05,-991.65,1021.7,-50.788,89.662,-911.41,-4.164e+05,59400,0
-992.18,4.2089e+05,-992.18,1019.8,-51.095,90.274,-909.68,-4.166e+05,59850,0
-992.72,4.2114e+05,-992.72,1017.8,-51.402,90.886,-907.94,-4.168e+05,60300,0
-993.42,4.214e+05,-993.42,1016,-51.676,91.493,-906.28,-4.17e+05,60750,0
-994.54,4.2167e+05,-994.54,1014.4,-51.871,92.085,-904.83,-4.172e+05,61200,0
-995.67,4.2194e+05,-995.67,1012.7,-52.065,92.678,-903.38,-4.174e+05,61650,0
-996.8,4.222e+05,-996.8,1011.1,-52.26,93.27,-901.92,-4.176e+05,62100,0
-997.92,4.2247e+05,-997.92,1009.5,-52.454,93.862,-900.47,-4.178e+05,62550,0
-999.05,4.2274e+05,-999.05,1007.8,-52.649,94.455,-899.01,-4.18e+05,63000,0
-1000.2,4.23e+05,-1000.2,1006.2,-52.843,95.047,-897.56,-4.182e+05,63450,0
-1001.3,4.2327e+05,-1001.3,1004.6,-53.038,95.639,-896.1,-4.184e+05,63900,0
-1002.4,4.2354e+05,-1002.4,1002.9,-53.232,96.232,-894.65,-4.186e+05,64350,0
-1003.5,4.238e+05,-1003.5,1001.3,-53.427,96.824,-893.19,-4.188e+05,64800,0
-1004.7,4.2407e+05,-1004.7,999.68,-53.621,97.417,-891.74,-4.19e+05,65250,0
-1005.8,4.2434e+05,-1005.8,998.05,-53.815,98.009,-890.29,-4.192e+05,65700,0
-1006.9,4.246e+05,-1006.9,996.42,-54.01,98.601,-888.83,-4.194e+05,66150,0
-1008,4.2487e+05,-1008,994.79,-54.204,99.194,-887.38,-4.196e+05,66600,0
-1009.2,4.2514e+05,-1009.2,993.16,-54.399,99.786,-885.92,-4.198e+05,67050,0
-1010.3,4.254e+05,-1010.3,991.53,-54.593,100.38,-884.47,-4.2e+05,67500,0
-1011.4,4.2567e+05,-1011.4,989.9,-54.788,100.97,-883.01,-4.202e+05,67950,0
-1012.5,4.2594e+05,-1012.5,988.27,-54.982,101.56,-881.56,-4.204e+05,68400,0
-1013.3,4.262e+05,-1013.3,986.24,-55.218,102.12,-879.75,-4.206e+05,68850,0
-1014,4.2647e+05,-1014,984.11,-55.464,102.65,-877.85,-4.208e+05,69300,0
-1015.2,4.2674e+05,-1015.2,982.33,-55.643,103.2,-876.26,-4.21e+05,69750,0
-1016.4,4.2702e+05,-1016.4,980.55,-55.821,103.75,-874.67,-4.212e+05,70200,0
-1017.6,4.2729e+05,-1017.6,978.76,-55.999,104.3,-873.08,-4.214e+05,70650,0
-1018.7,4.2757e+05,-1018.7,976.98,-56.178,104.85,-871.49,-4.216e+05,71100,0
-1019.9,4.2784e+05,-1019.9,975.2,-56.356,105.4,-869.9,-4.218e+05,71550,0
-1021.1,4.2811e+05,-1021.1,973.42,-56.534,105.94,-868.31,-4.22e+05,72000,0
-1022.3,4.2839e+05,-1022.3,971.64,-56.712,106.49,-866.72,-4.222e+05,72450,0
-1023.5,4.2866e+05,-1023.5,969.85,-56.891,107.04,-865.13,-4.224e+05,72900,0
-1024.7,4.2894e+05,-1024.7,968.07,-57.069,107.59,-863.54,-4.226e+05,73350,0
-1025.9,4.2921e+05,-1025.9,966.29,-57.247,108.14,-861.95,-4.228e+05,73800,0
-1027.1,4.2948e+05,-1027.1,964.51,-57.426,108.68,-860.36,-4.23e+05,74250,0
-1028.3,4.2976e+05,-1028.3,962.73,-57.604,109.23,-858.78,-4.232e+05,74700,0
-1029.5,4.3003e+05,-1029.5,960.95,-57.782,109.78,-857.19,-4.234e+05,75150,0
-1030.4,4.3031e+05,-1030.4,959.04,-57.941,110.29,-855.48,-4.236e+05,75600,0
-1031.2,4.3058e+05,-1031.2,957.09,-58.095,110.79,-853.75,-4.238e+05,76050,0
-1032.1,4.3086e+05,-1032.1,955.15,-58.249,111.29,-852.02,-4.24e+05,76500,0
-1033,4.3113e+05,-1033,953.21,-58.402,111.79,-850.28,-4.242e+05,76950,0
-1033.8,4.314e+05,-1033.8,951.26,-58.556,112.3,-848.55,-4.244e+05,77400,0
-1034.7,4.3168e+05,-1034.7,949.32,-58.71,112.8,-846.82,-4.246e+05,77850,0
-1035.9,4.3196e+05,-1035.9,947.53,-58.898,113.36,-845.22,-4.248e+05,78300,0
-1036.8,4.3224e+05,-1036.8,945.71,-59.098,113.86,-843.59,-4.25e+05,78750,0
-1037.7,4.3252e+05,-1037.7,943.88,-59.297,114.36,-841.96,-4.252e+05,79200,0
-1038.7,4.328e+05,-1038.7,942.06,-59.496,114.86,-840.34,-4.254e+05,79650,0
-1039.6,4.3309e+05,-1039.6,940.23,-59.695,115.36,-838.71,-4.256e+05,80100,0
-1040.5,4.3337e+05,-1040.5,938.4,-59.894,115.86,-837.08,-4.258e+05,80550,0
-1041.5,4.3365e+05,-1041.5,936.58,-60.093,116.36,-835.45,-4.26e+05,81000,0
-1042.4,4.3393e+05,-1042.4,934.75,-60.292,116.86,-833.82,-4.262e+05,81450,0
-1043.3,4.3421e+05,-1043.3,932.93,-60.491,117.35,-832.19,-4.264e+05,81900,0
-1044.3,4.3449e+05,-1044.3,931.1,-60.69,117.85,-830.56,-4.266e+05,82350,0
-1045.2,4.3478e+05,-1045.2,929.27,-60.89,118.35,-828.93,-4.268e+05,82800,0
-1046.1,4.3506e+05,-1046.1,927.45,-61.089,118.85,-827.31,-4.27e+05,83250,0
-1047.1,4.3534e+05,-1047.1,925.62,-61.288,119.35,-825.68,-4.272e+05,83700,0
-1048,4.3562e+05,-1048,923.8,-61.487,119.85,-824.05,-4.274e+05,84150,0
-1048.9,4.359e+05,-1048.9,921.97,-61.686,120.35,-822.42,-4.276e+05,84600,0
-1049.9,4.3618e+05,-1049.9,920.14,-61.885,120.85,-820.79,-4.278e+05,85050,0
-1050.8,4.3646e+05,-1050.8,918.32,-62.084,121.35,-819.16,-4.28e+05,85500,0
-1051.7,4.3675e+05,-1051.7,916.49,-62.283,121.85,-817.53,-4.282e+05,85950,0
-1052.7,4.3703e+05,-1052.7,914.67,-62.482,122.35,-815.9,-4.284e+05,86400,0
-1053.8,4.3731e+05,-1053.8,912.99,-62.678,122.87,-814.41,-4.286e+05,86850,0
-1055.1,4.376e+05,-1055.1,911.43,-62.872,123.4,-813.02,-4.288e+05,87300,0
-1056.4,4.3789e+05,-1056.4,909.87,-63.065,123.93,-811.63,-4.29e+05,87750,0
-1057.6,4.3818e+05,-1057.6,908.29,-63.266,124.44,-810.21,-4.292e+05,88200,0
-1058.6,4.3847e+05,-1058.6,906.61,-63.489,124.9,-808.72,-4.294e+05,88650,0
-1059.6,4.3876e+05,-1059.6,904.93,-63.713,125.37,-807.22,-4.296e+05,89100,0
-1060.6,4.3905e+05,-1060.6,903.25,-63.936,125.83,-805.72,-4.298e+05,89550,0
-1061.7,4.3934e+05,-1061.7,901.58,-64.16,126.3,-804.23,-4.3e+05,90000,0
-1062.7,4.3963e+05,-1062.7,899.9,-64.383,126.76,-802.73,-4.302e+05,90450,0
-1063.7,4.3991e+05,-1063.7,898.22,-64.607,127.23,-801.23,-4.304e+05,90900,0
-1064.7,4.402e+05,-1064.7,896.54,-64.83,127.69,-799.74,-4.306e+05,91350,0
-1065.7,4.4049e+05,-1065.7,894.87,-65.054,128.16,-798.24,-4.308e+05,91800,0
-1066.7,4.4078e+05,-1066.7,893.19,-65.277,128.62,-796.75,-4.31e+05,92250,0
-1067.7,4.4107e+05,-1067.7,891.51,-65.501,129.09,-795.25,-4.312e+05,92700,0
-1068.7,4.4136e+05,-1068.7,889.84,-65.724,129.55,-793.75,-4.314e+05,93150,0
-1069.7,4.4165e+05,-1069.7,888.16,-65.947,130.02,-792.26,-4.316e+05,93600,0
-1070.8,4.4193e+05,-1070.8,886.48,-66.171,130.48,-790.76,-4.318e+05,94050,0
-1071.8,4.4222e+05,-1071.8,884.8,-66.394,130.95,-789.27,-4.32e+05,94500,0
-1072.8,4.4251e+05,-1072.8,883.13,-66.618,131.41,-787.77,-4.322e+05,94950,0
-1073.9,4.428e+05,-1073.9,881.47,-66.841,131.88,-786.3,-4.324e+05,95400,0
-1075.2,4.431e+05,-1075.2,879.87,-67.065,132.37,-784.87,-4.326e+05,95850,0
-1076.6,4.4339e+05,-1076.6,878.28,-67.288,132.86,-783.44,-4.328e+05,96300,0
-1077.9,4.4369e+05,-1077.9,876.68,-67.512,133.36,-782.02,-4.33e+05,96750,0
-1079.3,4.4399e+05,-1079.3,875.08,-67.735,133.85,-780.59,-4.332e+05,97200,0
-1080.6,4.4429e+05,-1080.6,873.48,-67.959,134.34,-779.16,-4.334e+05,97650,0
-1081.8,4.4458e+05,-1081.8,871.87,-68.195,134.8,-777.73,-4.336e+05,98100,0
-1082.9,4.4488e+05,-1082.9,870.26,-68.444,135.23,-776.29,-4.338e+05,98550,0
-1084,4.4517e+05,-1084,868.64,-68.693,135.66,-774.85,-4.34e+05,99000,0
-1085.1,4.4547e+05,-1085.1,867.03,-68.942,136.09,-773.41,-4.342e+05,99450,0
-1086.2,4.4576e+05,-1086.2,865.41,-69.191,136.52,-771.97,-4.344e+05,99900,0
-1087.3,4.4606e+05,-1087.3,863.8,-69.44,136.95,-770.53,-4.346e+05,1.0035e+05,0
-1088.4,4.4635e+05,-1088.4,862.18,-69.689,137.39,-769.09,-4.348e+05,1.008e+05,0
-1089.5,4.4665e+05,-1089.5,860.57,-69.937,137.82,-767.65,-4.35e+05,1.0125e+05,0
-1090.6,4.4694e+05,-1090.6,858.95,-70.186,138.25,-766.2,-4.352e+05,1.017e+05,0
-1091.7,4.4724e+05,-1091.7,857.34,-70.435,138.68,-764.76,-4.354e+05,1.0215e+05,0
-1092.8,4.4753e+05,-1092.8,855.72,-70.684,139.11,-763.32,-4.356e+05,1.026e+05,0
-1093.8,4.4783e+05,-1093.8,854.11,-70.933,139.54,-761.88,-4.358e+05,1.0305e+05,0
-1094.9,4.4812e+05,-1094.9,852.49,-71.182,139.97,-760.44,-4.36e+05,1.035e+05,0
-1096,4.4842e+05,-1096,850.88,-71.433,140.41,-759.01,-4.362e+05,1.0395e+05,0
-1097.4,4.4872e+05,-1097.4,849.41,-71.712,140.88,-757.69,-4.364e+05,1.044e+05,0
-1098.8,4.4902e+05,-1098.8,847.93,-71.992,141.36,-756.37,-4.366e+05,1.0485e+05,0
-1100.2,4.4933e+05,-1100.2,846.45,-72.272,141.84,-755.05,-4.368e+05,1.053e+05,0
-1101.6,4.4963e+05,-1101.6,844.97,-72.552,142.31,-753.74,-4.37e+05,1.0575e+05,0
-1103,4.4993e+05,-1103,843.49,-72.832,142.79,-752.42,-4.372e+05,1.062e+05,0
-1104.4,4.5024e+05,-1104.4,842.02,-73.112,143.26,-751.1,-4.374e+05,1.0665e+05,0
-1105.8,4.5054e+05,-1105.8,840.54,-73.392,143.74,-749.78,-4.376e+05,1.071e+05,0
-1107.2,4.5084e+05,-1107.2,839.06,-73.671,144.21,-748.46,-4.378e+05,1.0755e+05,0
-1108.4,4.5114e+05,-1108.4,837.54,-73.945,144.65,-747.1,-4.38e+05,1.08e+05,0
-1109.6,4.5144e+05,-1109.6,836.01,-74.216,145.09,-745.74,-4.382e+05,1.0845e+05,0
-1110.8,4.5175e+05,-1110.8,834.47,-74.487,145.52,-744.37,-4.384e+05,1.089e+05,0
-1111.9,4.5205e+05,-1111.9,832.94,-74.758,145.95,-743,-4.386e+05,1.0935e+05,0
-1113.1,4.5235e+05,-1113.1,831.4,-75.029,146.38,-741.63,-4.388e+05,1.098e+05,0
-1114.3,4.5265e+05,-1114.3,829.87,-75.301,146.82,-740.26,-4.39e+05,1.1025e+05,0
-1115.5,4.5295e+05,-1115.5,828.34,-75.572,147.25,-738.9,-4.392e+05,1.107e+05,0
-1116.6,4.5325e+05,-1116.6,826.8,-75.843,147.68,-737.53,-4.394e+05,1.1115e+05,0
-1117.8,4.5355e+05,-1117.8,825.27,-76.114,148.11,-736.16,-4.396e+05,1.116e+05,0
-1119,4.5386e+05,-1119,823.74,-76.385,148.54,-734.79,-4.398e+05,1.1205e+05,0
-1120.1,4.5416e+05,-1120.1,822.2,-76.657,148.98,-733.42,-4.4e+05,1.125e+05,0
-1121.5,4.5446e+05,-1121.5,820.8,-76.917,149.44,-732.17,-4.402e+05,1.1295e+05,0
-1123,4.5477e+05,-1123,819.42,-77.175,149.91,-730.94,-4.404e+05,1.134e+05,0
-1124.4,4.5508e+05,-1124.4,818.05,-77.434,150.39,-729.72,-4.406e+05,1.1385e+05,0
-1125.9,4.5539e+05,-1125.9,816.67,-77.692,150.86,-728.49,-4.408e+05,1.143e+05,0
-1127.3,4.557e+05,-1127.3,815.3,-77.95,151.33,-727.27,-4.41e+05,1.1475e+05,0
-1128.8,4.5601e+05,-1128.8,813.92,-78.209,151.81,-726.04,-4.412e+05,1.152e+05,0
-1130.2,4.5632e+05,-1130.2,812.55,-78.467,152.28,-724.81,-4.414e+05,1.1565e+05,0
-1131.7,4.5663e+05,-1131.7,811.17,-78.725,152.75,-723.59,-4.416e+05,1.161e+05,0
-1133.1,4.5694e+05,-1133.1,809.8,-78.983,153.22,-722.36,-4.418e+05,1.1655e+05,0
-1134.6,4.5725e+05,-1134.6,808.42,-79.242,153.7,-721.13,-4.42e+05,1.17e+05,0
-1136,4.5756e+05,-1136,807.05,-79.5,154.17,-719.91,-4.422e+05,1.1745e+05,0
-1137.3,4.5786e+05,-1137.3,805.59,-79.753,154.62,-718.6,-4.424e+05,1.179e+05,0
-1138.5,4.5817e+05,-1138.5,804.13,-80.006,155.07,-717.3,-4.426e+05,1.1835e+05,0
-1139.8,4.5848e+05,-1139.8,802.67,-80.259,155.52,-716,-4.428e+05,1.188e+05,0
-1141,4.5879e+05,-1141,801.21,-80.512,155.97,-714.7,-4.43e+05,1.1925e+05,0
-1142.3,4.5909e+05,-1142.3,799.75,-80.765,156.42,-713.39,-4.432e+05,1.197e+05,0
-1143.5,4.594e+05,-1143.5,798.29,-81.018,156.87,-712.09,-4.434e+05,1.2015e+05,0
-1144.8,4.5971e+05,-1144.8,796.83,-81.271,157.32,-710.79,-4.436e+05,1.206e+05,0
-1146,4.6002e+05,-1146,795.37,-81.524,157.76,-709.49,-4.438e+05,1.2105e+05,0
-1147.4,4.6033e+05,-1147.4,793.98,-81.773,158.23,-708.25,-4.44e+05,1.215e+05,0
-1148.9,4.6064e+05,-1148.9,792.63,-82.018,158.72,-707.05,-4.442e+05,1.2195e+05,0
-1150.4,4.6096e+05,-1150.4,791.29,-82.263,159.21,-705.85,-4.444e+05,1.224e+05,0
-1151.9,4.6127e+05,-1151.9,789.95,-82.508,159.69,-704.66,-4.446e+05,1.2285e+05,0
-1153.4,4.6159e+05,-1153.4,788.61,-82.753,160.18,-703.46,-4.448e+05,1.233e+05,0
-1154.9,4.619e+05,-1154.9,787.27,-82.998,160.67,-702.26,-4.45e+05,1.2375e+05,0
-1156.4,4.6222e+05,-1156.4,785.93,-83.243,161.15,-701.07,-4.452e+05,1.242e+05,0
-1158,4.6253e+05,-1158,784.59,-83.488,161.64,-699.87,-4.454e+05,1.2465e+05,0
-1159.5,4.6285e+05,-1159.5,783.24,-83.733,162.12,-698.67,-4.456e+05,1.251e+05,0
-1161,4.6316e+05,-1161,781.9,-83.979,162.61,-697.48,-4.458e+05,1.2555e+05,0
-1162.5,4.6348e+05,-1162.5,780.56,-84.224,163.1,-696.28,-4.46e+05,1.26e+05,0
-1164,4.6379e+05,-1164,779.22,-84.469,163.58,-695.08,-4.462e+05,1.2645e+05,0
-1165.5,4.6411e+05,-1165.5,777.88,-84.714,164.07,-693.89,-4.464e+05,1.269e+05,0
-1166.9,4.6442e+05,-1166.9,776.53,-84.957,164.55,-692.68,-4.466e+05,1.2735e+05,0
-1168.3,4.6474e+05,-1168.3,775.16,-85.196,165.02,-691.46,-4.468e+05,1.278e+05,0
-1169.6,4.6505e+05,-1169.6,773.79,-85.435,165.49,-690.24,-4.47e+05,1.2825e+05,0
-1170.9,4.6536e+05,-1170.9,772.42,-85.675,165.96,-689.01,-4.472e+05,1.287e+05,0
-1172.2,4.6568e+05,-1172.2,771.05,-85.914,166.43,-687.79,-4.474e+05,1.2915e+05,0
-1173.5,4.6599e+05,-1173.5,769.68,-86.153,166.9,-686.57,-4.476e+05,1.296e+05,0
-1174.9,4.663e+05,-1174.9,768.34,-86.392,167.38,-685.38,-4.478e+05,1.3005e+05,0
-1176.5,4.6663e+05,-1176.5,767.07,-86.631,167.88,-684.25,-4.48e+05,1.305e+05,0
-1178,4.6695e+05,-1178,765.8,-86.871,168.39,-683.12,-4.482e+05,1.3095e+05,0
-1179.6,4.6727e+05,-1179.6,764.54,-87.11,168.89,-681.99,-4.484e+05,1.314e+05,0
-1181.2,4.6759e+05,-1181.2,763.27,-87.35,169.39,-680.85,-4.486e+05,1.3185e+05,0
-1182.7,4.6791e+05,-1182.7,762,-87.59,169.9,-679.72,-4.488e+05,1.323e+05,0
-1184.3,4.6823e+05,-1184.3,760.74,-87.829,170.4,-678.59,-4.49e+05,1.3275e+05,0
-1185.9,4.6855e+05,-1185.9,759.47,-88.069,170.9,-677.46,-4.492e+05,1.332e+05,0
-1187.4,4.6887e+05,-1187.4,758.2,-88.308,171.41,-676.33,-4.494e+05,1.3365e+05,0
-1189,4.6919e+05,-1189,756.93,-88.548,171.91,-675.2,-4.496e+05,1.341e+05,0
-1190.5,4.6951e+05,-1190.5,755.67,-88.787,172.41,-674.07,-4.498e+05,1.3455e+05,0
-1192.1,4.6983e+05,-1192.1,754.4,-89.027,172.92,-672.94,-4.5e+05,1.35e+05,0
-1193.7,4.7015e+05,-1193.7,753.13,-89.266,173.42,-671.81,-4.502e+05,1.3545e+05,0
-1195.2,4.7047e+05,-1195.2,751.87,-89.506,173.92,-670.68,-4.504e+05,1.359e+05,0
-1196.8,4.7079e+05,-1196.8,750.6,-89.745,174.43,-669.55,-4.506e+05,1.3635e+05,0
-1198.4,4.7112e+05,-1198.4,749.33,-89.985,174.93,-668.42,-4.508e+05,1.368e+05,0
-1199.8,4.7143e+05,-1199.8,748.06,-90.221,175.42,-667.29,-4.51e+05,1.3725e+05,0
-1201.2,4.7175e+05,-1201.2,746.79,-90.454,175.9,-666.15,-4.512e+05,1.377e+05,0
-1202.6,4.7207e+05,-1202.6,745.51,-90.688,176.38,-665.02,-4.514e+05,1.3815e+05,0
-1204,4.7239e+05,-1204,744.25,-90.92,176.86,-663.89,-4.516e+05,1.386e+05,0
-1205.6,4.7272e+05,-1205.6,743.06,-91.135,177.37,-662.83,-4.518e+05,1.3905e+05,0
-1207.2,4.7304e+05,-1207.2,741.87,-91.35,177.88,-661.77,-4.52e+05,1.395e+05,0
-1208.8,4.7337e+05,-1208.8,740.69,-91.564,178.39,-660.71,-4.522e+05,1.3995e+05,0
-1210.5,4.737e+05,-1210.5,739.5,-91.779,178.9,-659.65,-4.524e+05,1.404e+05,0
-1212.1,4.7402e+05,-1212.1,738.31,-91.994,179.41,-658.59,-4.526e+05,1.4085e+05,0
-1213.7,4.7435e+05,-1213.7,737.13,-92.209,179.92,-657.53,-4.528e+05,1.413e+05,0
-1215.3,4.7467e+05,-1215.3,735.94,-92.424,180.43,-656.47,-4.53e+05,1.4175e+05,0
-1216.9,4.75e+05,-1216.9,734.75,-92.638,180.94,-655.42,-4.532e+05,1.422e+05,0
-1218.6,4.7533e+05,-1218.6,733.57,-92.853,181.45,-654.36,-4.534e+05,1.4265e+05,0
-1220.2,4.7565e+05,-1220.2,732.38,-93.068,181.96,-653.3,-4.536e+05,1.431e+05,0
-1221.8,4.7598e+05,-1221.8,731.19,-93.283,182.47,-652.24,-4.538e+05,1.4355e+05,0
-1223.4,4.763e+05,-1223.4,730,-93.498,182.98,-651.18,-4.54e+05,1.44e+05,0
-1225,4.7663e+05,-1225,728.82,-93.713,183.49,-650.12,-4.542e+05,1.4445e+05,0
-1226.6,4.7696e+05,-1226.6,727.63,-93.927,184,-649.06,-4.544e+05,1.449e+05,0
-1228.3,4.7728e+05,-1228.3,726.44,-94.142,184.5,-648.01,-4.546e+05,1.4535e+05,0
-1229.9,4.7761e+05,-1229.9,725.26,-94.357,185.01,-646.95,-4.548e+05,1.458e+05,0
-1231.5,4.7793e+05,-1231.5,724.07,-94.572,185.52,-645.89,-4.55e+05,1.4625e+05,0
-1233.1,4.7826e+05,-1233.1,722.88,-94.787,186.03,-644.83,-4.552e+05,1.467e+05,0
-1234.6,4.7858e+05,-1234.6,721.7,-95.005,186.52,-643.77,-4.554e+05,1.4715e+05,0
-1236.2,4.7891e+05,-1236.2,720.56,-95.201,187.02,-642.75,-4.556e+05,1.476e+05,0
-1237.9,4.7925e+05,-1237.9,719.42,-95.392,187.52,-641.74,-4.558e+05,1.4805e+05,0
-1239.6,4.7958e+05,-1239.6,718.29,-95.583,188.02,-640.73,-4.56e+05,1.485e+05,0
-1241.2,4.7991e+05,-1241.2,717.16,-95.775,188.53,-639.72,-4.562e+05,1.4895e+05,0
-1242.9,4.8024e+05,-1242.9,716.03,-95.966,189.03,-638.71,-4.564e+05,1.494e+05,0
-1244.6,4.8057e+05,-1244.6,714.9,-96.157,189.54,-637.7,-4.566e+05,1.4985e+05,0
-1246.3,4.809e+05,-1246.3,713.77,-96.349,190.04,-636.7,-4.568e+05,1.503e+05,0
-1247.7,4.8123e+05,-1247.7,712.62,-96.533,190.53,-635.67,-4.57e+05,1.5075e+05,0
-1249,4.8156e+05,-1249,711.46,-96.714,191.01,-634.64,-4.572e+05,1.512e+05,0
-1250.3,4.819e+05,-1250.3,710.31,-96.894,191.49,-633.61,-4.574e+05,1.5165e+05,0
-1251.6,4.8223e+05,-1251.6,709.15,-97.075,191.97,-632.58,-4.576e+05,1.521e+05,0
-1252.9,4.8256e+05,-1252.9,708,-97.255,192.45,-631.55,-4.578e+05,1.5255e+05,0
-1254.2,4.8289e+05,-1254.2,706.84,-97.436,192.93,-630.52,-4.58e+05,1.53e+05,0
-1255.5,4.8322e+05,-1255.5,705.69,-97.616,193.41,-629.49,-4.582e+05,1.5345e+05,0
-1256.8,4.8355e+05,-1256.8,704.53,-97.796,193.88,-628.46,-4.584e+05,1.539e+05,0
-1258.1,4.8389e+05,-1258.1,703.38,-97.977,194.36,-627.43,-4.586e+05,1.5435e+05,0
-1259.4,4.8422e+05,-1259.4,702.22,-98.157,194.84,-626.4,-4.588e+05,1.548e+05,0
-1260.7,4.8455e+05,-1260.7,701.07,-98.338,195.32,-625.37,-4.59e+05,1.5525e+05,0
-1262,4.8488e+05,-1262,699.91,-98.518,195.8,-624.34,-4.592e+05,1.557e+05,0
-1263.4,4.8522e+05,-1263.4,698.8,-98.688,196.3,-623.35,-4.594e+05,1.5615e+05,0
-1265,4.8555e+05,-1265,697.72,-98.851,196.82,-622.38,-4.596e+05,1.566e+05,0
-1266.3,4.8589e+05,-1266.3,696.6,-99.021,197.3,-621.39,-4.598e+05,1.5705e+05,0
-1267.7,4.8623e+05,-1267.7,695.49,-99.191,197.77,-620.39,-4.6e+05,1.575e+05,0
-1269,4.8656e+05,-1269,694.37,-99.362,198.25,-619.4,-4.602e+05,1.5795e+05,0
-1270.4,4.869e+05,-1270.4,693.26,-99.532,198.73,-618.4,-4.604e+05,1.584e+05,0
-1271.7,4.8724e+05,-1271.7,692.14,-99.702,199.2,-617.41,-4.606e+05,1.5885e+05,0
-1273.1,4.8757e+05,-1273.1,691.03,-99.872,199.68,-616.41,-4.608e+05,1.593e+05,0
-1274.5,4.8791e+05,-1274.5,689.91,-100.04,200.15,-615.42,-4.61e+05,1.5975e+05,0
-1275.8,4.8825e+05,-1275.8,688.79,-100.21,200.63,-614.42,-4.612e+05,1.602e+05,0
-1277.2,4.8858e+05,-1277.2,687.68,-100.38,201.11,-613.43,-4.614e+05,1.6065e+05,0
-1278.5,4.8892e+05,-1278.5,686.56,-100.55,201.58,-612.43,-4.616e+05,1.611e+05,0
-1279.9,4.8926e+05,-1279.9,685.45,-100.72,202.06,-611.43,-4.618e+05,1.6155e+05,0
-1281.2,4.8959e+05,-1281.2,684.33,-100.89,202.53,-610.44,-4.62e+05,1.62e+05,0
-1282.6,4.8993e+05,-1282.6,683.22,-101.06,203.01,-609.44,-4.622e+05,1.6245e+05,0
-1283.9,4.9026e+05,-1283.9,682.1,-101.23,203.49,-608.45,-4.624e+05,1.629e+05,0
-1285.3,4.906e+05,-1285.3,680.98,-101.4,203.96,-607.45,-4.626e+05,1.6335e+05,0
-1286.6,4.9094e+05,-1286.6,679.87,-101.57,204.44,-606.46,-4.628e+05,1.638e+05,0
-1288,4.9127e+05,-1288,678.75,-101.74,204.91,-605.46,-4.63e+05,1.6425e+05,0
-1289.4,4.9161e+05,-1289.4,677.66,-101.91,205.4,-604.49,-4.632e+05,1.647e+05,0
-1291,4.9196e+05,-1291,676.62,-102.09,205.92,-603.56,-4.634e+05,1.6515e+05,0
-1292.6,4.923e+05,-1292.6,675.58,-102.26,206.44,-602.63,-4.636e+05,1.656e+05,0
-1294.3,4.9264e+05,-1294.3,674.54,-102.43,206.96,-601.7,-4.638e+05,1.6605e+05,0
-1295.8,4.9299e+05,-1295.8,673.49,-102.6,207.47,-600.76,-4.64e+05,1.665e+05,0
-1297.2,4.9333e+05,-1297.2,672.42,-102.77,207.95,-599.81,-4.642e+05,1.6695e+05,0
-1298.6,4.9367e+05,-1298.6,671.35,-102.94,208.44,-598.86,-4.644e+05,1.674e+05,0
-1300,4.9401e+05,-1300,670.28,-103.11,208.92,-597.9,-4.646e+05,1.6785e+05,0
-1301.4,4.9435e+05,-1301.4,669.21,-103.28,209.4,-596.95,-4.648e+05,1.683e+05,0
-1302.8,4.9469e+05,-1302.8,668.14,-103.45,209.88,-596,-4.65e+05,1.6875e+05,0
-1304.2,4.9503e+05,-1304.2,667.07,-103.61,210.36,-595.04,-4.652e+05,1.692e+05,0
-1305.7,4.9537e+05,-1305.7,666,-103.78,210.85,-594.09,-4.654e+05,1.6965e+05,0
-1307.1,4.9571e+05,-1307.1,664.93,-103.95,211.33,-593.14,-4.656e+05,1.701e+05,0
-1308.5,4.9606e+05,-1308.5,663.87,-104.12,211.81,-592.18,-4.658e+05,1.7055e+05,0
-1309.9,4.964e+05,-1309.9,662.8,-104.29,212.29,-591.23,-4.66e+05,1.71e+05,0
-1311.3,4.9674e+05,-1311.3,661.73,-104.46,212.77,-590.28,-4.662e+05,1.7145e+05,0
-1312.7,4.9708e+05,-1312.7,660.66,-104.63,213.25,-589.32,-4.664e+05,1.719e+05,0
-1314.1,4.9742e+05,-1314.1,659.59,-104.8,213.74,-588.37,-4.666e+05,1.7235e+05,0
-1315.5,4.9776e+05,-1315.5,658.52,-104.96,214.22,-587.42,-4.668e+05,1.728e+05,0
-1316.9,4.981e+05,-1316.9,657.46,-105.13,214.7,-586.47,-4.67e+05,1.7325e+05,0
-1318.6,4.9845e+05,-1318.6,656.46,-105.31,215.23,-585.57,-4.672e+05,1.737e+05,0
-1320.3,4.988e+05,-1320.3,655.45,-105.48,215.75,-584.68,-4.674e+05,1.7415e+05,0
-1322,4.9915e+05,-1322,654.45,-105.65,216.28,-583.78,-4.676e+05,1.746e+05,0
-1323.6,4.9949e+05,-1323.6,653.45,-105.83,216.8,-582.89,-4.678e+05,1.7505e+05,0
-1325.3,4.9984e+05,-1325.3,652.44,-106,217.33,-582,-4.68e+05,1.755e+05,0
-1327,5.0019e+05,-1327,651.44,-106.18,217.85,-581.1,-4.682e+05,1.7595e+05,0
-1328.6,5.0054e+05,-1328.6,650.43,-106.35,218.36,-580.2,-4.684e+05,1.764e+05,0
-1330,5.0088e+05,-1330,649.41,-106.52,218.85,-579.29,-4.686e+05,1.7685e+05,0
-1331.5,5.0123e+05,-1331.5,648.39,-106.68,219.34,-578.38,-4.688e+05,1.773e+05,0
-1332.9,5.0157e+05,-1332.9,647.38,-106.85,219.83,-577.47,-4.69e+05,1.7775e+05,0
-1334.4,5.0192e+05,-1334.4,646.36,-107.02,220.32,-576.57,-4.692e+05,1.782e+05,0
-1335.8,5.0227e+05,-1335.8,645.34,-107.19,220.81,-575.66,-4.694e+05,1.7865e+05,0
-1337.3,5.0261e+05,-1337.3,644.32,-107.36,221.3,-574.75,-4.696e+05,1.791e+05,0
-1338.7,5.0296e+05,-1338.7,643.3,-107.53,221.79,-573.84,-4.698e+05,1.7955e+05,0
-1340.2,5.033e+05,-1340.2,642.29,-107.7,222.28,-572.93,-4.7e+05,1.8e+05,0
-1341.6,5.0365e+05,-1341.6,641.27,-107.87,222.77,-572.03,-4.702e+05,1.8045e+05,0
-1343.1,5.0399e+05,-1343.1,640.25,-108.04,223.26,-571.12,-4.704e+05,1.809e+05,0
-1344.6,5.0434e+05,-1344.6,639.23,-108.21,223.75,-570.21,-4.706e+05,1.8135e+05,0
-1346,5.0469e+05,-1346,638.21,-108.38,224.24,-569.3,-4.708e+05,1.818e+05,0
-1347.7,5.0504e+05,-1347.7,637.24,-108.56,224.77,-568.44,-4.71e+05,1.8225e+05,0
-1349.4,5.0539e+05,-1349.4,636.28,-108.74,225.3,-567.58,-4.712e+05,1.827e+05,0
-1351.2,5.0574e+05,-1351.2,635.32,-108.92,225.83,-566.72,-4.714e+05,1.8315e+05,0
-1352.9,5.0609e+05,-1352.9,634.35,-109.1,226.36,-565.86,-4.716e+05,1.836e+05,0
-1354.7,5.0645e+05,-1354.7,633.39,-109.29,226.89,-565,-4.718e+05,1.8405e+05,0
-1356.4,5.068e+05,-1356.4,632.43,-109.47,227.42,-564.14,-4.72e+05,1.845e+05,0
-1358.2,5.0715e+05,-1358.2,631.46,-109.65,227.95,-563.28,-4.722e+05,1.8495e+05,0
-1359.9,5.075e+05,-1359.9,630.5,-109.83,228.49,-562.42,-4.724e+05,1.854e+05,0
-1361.6,5.0785e+05,-1361.6,629.54,-110.02,229.02,-561.56,-4.726e+05,1.8585e+05,0
-1363.2,5.082e+05,-1363.2,628.57,-110.19,229.52,-560.7,-4.728e+05,1.863e+05,0
-1364.7,5.0855e+05,-1364.7,627.61,-110.37,230.02,-559.84,-4.73e+05,1.8675e+05,0
-1366.2,5.089e+05,-1366.2,626.65,-110.55,230.51,-558.98,-4.732e+05,1.872e+05,0
-1367.7,5.0925e+05,-1367.7,625.68,-110.72,231.01,-558.12,-4.734e+05,1.8765e+05,0
-1369.2,5.096e+05,-1369.2,624.72,-110.9,231.51,-557.26,-4.736e+05,1.881e+05,0
-1370.7,5.0995e+05,-1370.7,623.76,-111.08,232,-556.4,-4.738e+05,1.8855e+05,0
-1372.2,5.103e+05,-1372.2,622.79,-111.25,232.5,-555.54,-4.74e+05,1.89e+05,0
-1373.7,5.1065e+05,-1373.7,621.83,-111.43,232.99,-554.68,-4.742e+05,1.8945e+05,0
-1375.2,5.11e+05,-1375.2,620.86,-111.61,233.49,-553.82,-4.744e+05,1.899e+05,0
-1376.7,5.1135e+05,-1376.7,619.9,-111.78,233.98,-552.97,-4.746e+05,1.9035e+05,0
-1378.4,5.1171e+05,-1378.4,618.97,-111.97,234.51,-552.13,-4.748e+05,1.908e+05,0
-1380.2,5.1206e+05,-1380.2,618.05,-112.16,235.04,-551.32,-4.75e+05,1.9125e+05,0
-1382,5.1242e+05,-1382,617.14,-112.35,235.58,-550.5,-4.752e+05,1.917e+05,0
-1383.8,5.1278e+05,-1383.8,616.22,-112.55,236.12,-549.69,-4.754e+05,1.9215e+05,0
-1385.6,5.1313e+05,-1385.6,615.31,-112.74,236.66,-548.87,-4.756e+05,1.926e+05,0
-1387.4,5.1349e+05,-1387.4,614.39,-112.93,237.19,-548.05,-4.758e+05,1.9305e+05,0
-1389.2,5.1385e+05,-1389.2,613.48,-113.12,237.73,-547.24,-4.76e+05,1.935e+05,0
-1391,5.142e+05,-1391,612.57,-113.32,238.27,-546.42,-4.762e+05,1.9395e+05,0
-1392.8,5.1456e+05,-1392.8,611.65,-113.51,238.81,-545.61,-4.764e+05,1.944e+05,0
-1394.6,5.1491e+05,-1394.6,610.74,-113.7,239.34,-544.79,-4.766e+05,1.9485e+05,0
-1396.4,5.1527e+05,-1396.4,609.82,-113.9,239.88,-543.98,-4.768e+05,1.953e+05,0
-1398.2,5.1563e+05,-1398.2,608.91,-114.09,240.42,-543.16,-4.77e+05,1.9575e+05,0
-1399.7,5.1598e+05,-1399.7,608,-114.27,240.92,-542.35,-4.772e+05,1.962e+05,0
-1401.3,5.1633e+05,-1401.3,607.09,-114.46,241.41,-541.54,-4.774e+05,1.9665e+05,0
-1402.8,5.1669e+05,-1402.8,606.18,-114.65,241.91,-540.72,-4.776e+05,1.971e+05,0
-1404.4,5.1704e+05,-1404.4,605.27,-114.83,242.41,-539.91,-4.778e+05,1.9755e+05,0
-1405.9,5.174e+05,-1405.9,604.36,-115.02,242.91,-539.1,-4.78e+05,1.98e+05,0
-1407.5,5.1775e+05,-1407.5,603.44,-115.21,243.41,-538.29,-4.782e+05,1.9845e+05,0
-1409,5.1811e+05,-1409,602.53,-115.39,243.91,-537.47,-4.784e+05,1.989e+05,0
-1410.7,5.1846e+05,-1410.7,601.64,-115.58,244.42,-536.67,-4.786e+05,1.9935e+05,0
-1412.5,5.1882e+05,-1412.5,600.76,-115.78,244.96,-535.9,-4.788e+05,1.998e+05,0
-1414.4,5.1918e+05,-1414.4,599.89,-115.99,245.5,-535.12,-4.79e+05,2.0025e+05,0
-1416.2,5.1954e+05,-1416.2,599.02,-116.19,246.04,-534.34,-4.792e+05,2.007e+05,0
-1418.1,5.199e+05,-1418.1,598.15,-116.39,246.58,-533.56,-4.794e+05,2.0115e+05,0
-1419.9,5.2026e+05,-1419.9,597.27,-116.59,247.12,-532.78,-4.796e+05,2.016e+05,0
-1421.8,5.2062e+05,-1421.8,596.4,-116.79,247.66,-532,-4.798e+05,2.0205e+05,0
-1423.7,5.2098e+05,-1423.7,595.53,-116.99,248.2,-531.23,-4.8e+05,2.025e+05,0
-1425.5,5.2134e+05,-1425.5,594.66,-117.19,248.74,-530.45,-4.802e+05,2.0295e+05,0
-1427.4,5.217e+05,-1427.4,593.78,-117.39,249.28,-529.67,-4.804e+05,2.034e+05,0
-1429.2,5.2206e+05,-1429.2,592.91,-117.59,249.82,-528.89,-4.806e+05,2.0385e+05,0
-1431.1,5.2242e+05,-1431.1,592.04,-117.79,250.35,-528.11,-4.808e+05,2.043e+05,0
-1432.9,5.2278e+05,-1432.9,591.17,-117.99,250.89,-527.34,-4.81e+05,2.0475e+05,0
-1434.8,5.2314e+05,-1434.8,590.29,-118.19,251.43,-526.56,-4.812e+05,2.052e+05,0
-1436.6,5.235e+05,-1436.6,589.42,-118.39,251.96,-525.78,-4.814e+05,2.0565e+05,0
-1438.2,5.2386e+05,-1438.2,588.56,-118.59,252.46,-525.01,-4.816e+05,2.061e+05,0
-1439.7,5.2422e+05,-1439.7,587.7,-118.79,252.96,-524.24,-4.818e+05,2.0655e+05,0
-1441.3,5.2458e+05,-1441.3,586.83,-118.98,253.47,-523.47,-4.82e+05,2.07e+05,0
-1442.9,5.2494e+05,-1442.9,585.97,-119.18,253.97,-522.7,-4.822e+05,2.0745e+05,0
-1444.5,5.253e+05,-1444.5,585.11,-119.38,254.47,-521.93,-4.824e+05,2.079e+05,0
-1446.4,5.2566e+05,-1446.4,584.27,-119.6,255.01,-521.18,-4.826e+05,2.0835e+05,0
-1448.3,5.2602e+05,-1448.3,583.44,-119.81,255.55,-520.44,-4.828e+05,2.088e+05,0
-1450.2,5.2639e+05,-1450.2,582.6,-120.03,256.09,-519.7,-4.83e+05,2.0925e+05,0
-1452.2,5.2675e+05,-1452.2,581.77,-120.25,256.63,-518.95,-4.832e+05,2.097e+05,0
-1454.1,5.2712e+05,-1454.1,580.93,-120.47,257.17,-518.21,-4.834e+05,2.1015e+05,0
-1456,5.2748e+05,-1456,580.1,-120.68,257.71,-517.46,-4.836e+05,2.106e+05,0
-1457.9,5.2784e+05,-1457.9,579.27,-120.9,258.26,-516.72,-4.838e+05,2.1105e+05,0
-1459.8,5.2821e+05,-1459.8,578.43,-121.12,258.8,-515.97,-4.84e+05,2.115e+05,0
-1461.7,5.2857e+05,-1461.7,577.6,-121.34,259.34,-515.23,-4.842e+05,2.1195e+05,0
-1463.6,5.2894e+05,-1463.6,576.76,-121.55,259.88,-514.49,-4.844e+05,2.124e+05,0
-1465.5,5.293e+05,-1465.5,575.93,-121.77,260.42,-513.74,-4.846e+05,2.1285e+05,0
-1467.4,5.2966e+05,-1467.4,575.09,-121.99,260.96,-513,-4.848e+05,2.133e+05,0
-1469.3,5.3003e+05,-1469.3,574.26,-122.21,261.5,-512.25,-4.85e+05,2.1375e+05,0
-1471.2,5.3039e+05,-1471.2,573.42,-122.42,262.04,-511.51,-4.852e+05,2.142e+05,0
-1473.1,5.3076e+05,-1473.1,572.59,-122.64,262.58,-510.76,-4.854e+05,2.1465e+05,0
-1475,5.3112e+05,-1475,571.76,-122.86,263.12,-510.02,-4.856e+05,2.151e+05,0
-1476.8,5.3148e+05,-1476.8,570.93,-123.07,263.64,-509.28,-4.858e+05,2.1555e+05,0
-1478.4,5.3184e+05,-1478.4,570.11,-123.29,264.15,-508.55,-4.86e+05,2.16e+05,0
-1480,5.3221e+05,-1480,569.29,-123.5,264.65,-507.82,-4.862e+05,2.1645e+05,0
-1481.9,5.3257e+05,-1481.9,568.49,-123.74,265.18,-507.1,-4.864e+05,2.169e+05,0
-1483.9,5.3294e+05,-1483.9,567.69,-123.98,265.72,-506.39,-4.866e+05,2.1735e+05,0
-1485.9,5.3331e+05,-1485.9,566.9,-124.23,266.26,-505.68,-4.868e+05,2.178e+05,0
-1487.8,5.3368e+05,-1487.8,566.1,-124.47,266.8,-504.97,-4.87e+05,2.1825e+05,0
-1489.8,5.3404e+05,-1489.8,565.3,-124.71,267.34,-504.26,-4.872e+05,2.187e+05,0
-1491.7,5.3441e+05,-1491.7,564.51,-124.95,267.88,-503.55,-4.874e+05,2.1915e+05,0
-1493.7,5.3478e+05,-1493.7,563.71,-125.19,268.42,-502.84,-4.876e+05,2.196e+05,0
-1495.6,5.3515e+05,-1495.6,562.91,-125.44,268.96,-502.13,-4.878e+05,2.2005e+05,0
-1497.6,5.3551e+05,-1497.6,562.12,-125.68,269.5,-501.42,-4.88e+05,2.205e+05,0
-1499.5,5.3588e+05,-1499.5,561.32,-125.92,270.04,-500.71,-4.882e+05,2.2095e+05,0
-1501.5,5.3625e+05,-1501.5,560.53,-126.16,270.58,-500,-4.884e+05,2.214e+05,0
-1503.4,5.3662e+05,-1503.4,559.73,-126.41,271.12,-499.29,-4.886e+05,2.2185e+05,0
-1505.4,5.3698e+05,-1505.4,558.93,-126.65,271.66,-498.58,-4.888e+05,2.223e+05,0
-1507.3,5.3735e+05,-1507.3,558.14,-126.89,272.2,-497.87,-4.89e+05,2.2275e+05,0
-1509.3,5.3772e+05,-1509.3,557.34,-127.13,272.74,-497.16,-4.892e+05,2.232e+05,0
-1511.2,5.3809e+05,-1511.2,556.55,-127.38,273.28,-496.45,-4.894e+05,2.2365e+05,0
-1513.2,5.3846e+05,-1513.2,555.75,-127.62,273.82,-495.74,-4.896e+05,2.241e+05,0
-1515.2,5.3882e+05,-1515.2,554.95,-127.86,274.36,-495.03,-4.898e+05,2.2455e+05,0
-1517.1,5.3919e+05,-1517.1,554.16,-128.1,274.89,-494.32,-4.9e+05,2.25e+05,0
-1519,5.3956e+05,-1519,553.39,-128.37,275.42,-493.63,-4.902e+05,2.2545e+05,0
-1520.9,5.3993e+05,-1520.9,552.61,-128.64,275.95,-492.94,-4.904e+05,2.259e+05,0
-1522.6,5.403e+05,-1522.6,551.81,-128.91,276.46,-492.23,-4.906e+05,2.2635e+05,0
-1524.2,5.4067e+05,-1524.2,551.02,-129.18,276.98,-491.52,-4.908e+05,2.268e+05,0
-1525.9,5.4105e+05,-1525.9,550.22,-129.46,277.49,-490.81,-4.91e+05,2.2725e+05,0
-1527.6,5.4142e+05,-1527.6,549.42,-129.73,278.01,-490.09,-4.912e+05,2.277e+05,0
-1529.2,5.4179e+05,-1529.2,548.62,-130,278.52,-489.38,-4.914e+05,2.2815e+05,0
-1530.9,5.4216e+05,-1530.9,547.82,-130.27,279.04,-488.67,-4.916e+05,2.286e+05,0
-1532.6,5.4253e+05,-1532.6,547.02,-130.54,279.55,-487.96,-4.918e+05,2.2905e+05,0
-1534.2,5.429e+05,-1534.2,546.23,-130.81,280.06,-487.25,-4.92e+05,2.295e+05,0
-1535.9,5.4328e+05,-1535.9,545.43,-131.08,280.58,-486.53,-4.922e+05,2.2995e+05,0
-1537.5,5.4365e+05,-1537.5,544.63,-131.35,281.09,-485.82,-4.924e+05,2.304e+05,0
-1539.2,5.4402e+05,-1539.2,543.83,-131.62,281.61,-485.11,-4.926e+05,2.3085e+05,0
-1540.9,5.4439e+05,-1540.9,543.03,-131.89,282.12,-484.4,-4.928e+05,2.313e+05,0
-1542.5,5.4476e+05,-1542.5,542.23,-132.16,282.64,-483.69,-4.93e+05,2.3175e+05,0
-1544.2,5.4513e+05,-1544.2,541.44,-132.43,283.15,-482.97,-4.932e+05,2.322e+05,0
-1545.9,5.455e+05,-1545.9,540.64,-132.7,283.67,-482.26,-4.934e+05,2.3265e+05,0
-1547.5,5.4588e+05,-1547.5,539.84,-132.97,284.18,-481.55,-4.936e+05,2.331e+05,0
-1549.2,5.4625e+05,-1549.2,539.04,-133.25,284.7,-480.84,-4.938e+05,2.3355e+05,0
-1551,5.4662e+05,-1551,538.27,-133.53,285.22,-480.15,-4.94e+05,2.34e+05,0
-1553.1,5.47e+05,-1553.1,537.53,-133.83,285.76,-479.49,-4.942e+05,2.3445e+05,0
-1555.2,5.4738e+05,-1555.2,536.78,-134.14,286.3,-478.82,-4.944e+05,2.349e+05,0
-1556.9,5.4775e+05,-1556.9,536.02,-134.47,286.8,-478.15,-4.946e+05,2.3535e+05,0
-1558.6,5.4813e+05,-1558.6,535.26,-134.79,287.3,-477.47,-4.948e+05,2.358e+05,0
-1560.3,5.485e+05,-1560.3,534.5,-135.12,287.79,-476.79,-4.95e+05,2.3625e+05,0
-1562,5.4888e+05,-1562,533.74,-135.44,288.29,-476.11,-4.952e+05,2.367e+05,0
-1563.7,5.4925e+05,-1563.7,532.98,-135.77,288.79,-475.43,-4.954e+05,2.3715e+05,0
-1565.4,5.4963e+05,-1565.4,532.22,-136.09,289.29,-474.76,-4.956e+05,2.376e+05,0
-1567.1,5.5e+05,-1567.1,531.46,-136.42,289.79,-474.08,-4.958e+05,2.3805e+05,0
-1568.8,5.5038e+05,-1568.8,530.7,-136.74,290.28,-473.4,-4.96e+05,2.385e+05,0
-1570.5,5.5075e+05,-1570.5,529.94,-137.07,290.78,-472.72,-4.962e+05,2.3895e+05,0
-1572.2,5.5112e+05,-1572.2,529.18,-137.39,291.28,-472.04,-4.964e+05,2.394e+05,0
-1573.9,5.515e+05,-1573.9,528.42,-137.72,291.78,-471.37,-4.966e+05,2.3985e+05,0
-1575.6,5.5187e+05,-1575.6,527.66,-138.04,292.28,-470.69,-4.968e+05,2.403e+05,0
-1577.3,5.5225e+05,-1577.3,526.9,-138.37,292.78,-470.01,-4.97e+05,2.4075e+05,0
-1579,5.5262e+05,-1579,526.14,-138.7,293.27,-469.33,-4.972e+05,2.412e+05,0
-1580.7,5.53e+05,-1580.7,525.38,-139.02,293.77,-468.66,-4.974e+05,2.4165e+05,0
-1582.4,5.5337e+05,-1582.4,524.62,-139.35,294.27,-467.98,-4.976e+05,2.421e+05,0
-1584.2,5.5375e+05,-1584.2,523.87,-139.68,294.77,-467.31,-4.978e+05,2.4255e+05,0
-1586.3,5.5413e+05,-1586.3,523.16,-140.04,295.28,-466.67,-4.98e+05,2.43e+05,0
-1588.4,5.5451e+05,-1588.4,522.45,-140.41,295.8,-466.04,-4.982e+05,2.4345e+05,0
-1590.5,5.5489e+05,-1590.5,521.74,-140.78,296.31,-465.4,-4.984e+05,2.439e+05,0
-1592.7,5.5527e+05,-1592.7,521.03,-141.14,296.83,-464.77,-4.986e+05,2.4435e+05,0
-1594.7,5.5565e+05,-1594.7,520.31,-141.52,297.33,-464.13,-4.988e+05,2.448e+05,0
-1596.4,5.5603e+05,-1596.4,519.59,-141.91,297.8,-463.48,-4.99e+05,2.4525e+05,0
-1598.1,5.5641e+05,-1598.1,518.86,-142.31,298.27,-462.84,-4.992e+05,2.457e+05,0
-1599.9,5.5678e+05,-1599.9,518.14,-142.71,298.74,-462.19,-4.994e+05,2.4615e+05,0
-1601.6,5.5716e+05,-1601.6,517.41,-143.1,299.21,-461.54,-4.996e+05,2.466e+05,0
-1603.4,5.5754e+05,-1603.4,516.68,-143.5,299.69,-460.89,-4.998e+05,2.4705e+05,0
-1605.1,5.5792e+05,-1605.1,515.96,-143.89,300.16,-460.25,-5e+05,2.475e+05,0
-1606.8,5.583e+05,-1606.8,515.23,-144.29,300.63,-459.6,-5.002e+05,2.4795e+05,0
-1608.6,5.5868e+05,-1608.6,514.51,-144.69,301.1,-458.95,-5.004e+05,2.484e+05,0
-1610.3,5.5905e+05,-1610.3,513.78,-145.08,301.57,-458.31,-5.006e+05,2.4885e+05,0
-1612,5.5943e+05,-1612,513.06,-145.48,302.04,-457.66,-5.008e+05,2.493e+05,0
-1613.8,5.5981e+05,-1613.8,512.33,-145.88,302.51,-457.01,-5.01e+05,2.4975e+05,0
-1615.5,5.6019e+05,-1615.5,511.61,-146.27,302.99,-456.37,-5.012e+05,2.502e+05,0
-1617.2,5.6057e+05,-1617.2,510.88,-146.67,303.46,-455.72,-5.014e+05,2.5065e+05,0
-1619,5.6094e+05,-1619,510.16,-147.07,303.93,-455.07,-5.016e+05,2.511e+05,0
-1621.1,5.6133e+05,-1621.1,509.47,-147.5,304.4,-454.46,-5.018e+05,2.5155e+05,0
-1623.3,5.6171e+05,-1623.3,508.78,-147.93,304.88,-453.84,-5.02e+05,2.52e+05,0
-1625.4,5.6209e+05,-1625.4,508.09,-148.36,305.36,-453.23,-5.022e+05,2.5245e+05,0
-1627.6,5.6248e+05,-1627.6,507.41,-148.8,305.84,-452.62,-5.024e+05,2.529e+05,0
-1629.7,5.6286e+05,-1629.7,506.72,-149.23,306.31,-452.01,-5.026e+05,2.5335e+05,0
-1631.9,5.6324e+05,-1631.9,506.03,-149.66,306.79,-451.39,-5.028e+05,2.538e+05,0
-1634.1,5.6363e+05,-1634.1,505.35,-150.1,307.27,-450.78,-5.03e+05,2.5425e+05,0
-1636,5.6401e+05,-1636,504.65,-150.55,307.72,-450.16,-5.032e+05,2.547e+05,0
-1637.8,5.6439e+05,-1637.8,503.96,-151.03,308.16,-449.54,-5.034e+05,2.5515e+05,0
-1639.5,5.6477e+05,-1639.5,503.26,-151.51,308.59,-448.92,-5.036e+05,2.556e+05,0
-1641.3,5.6515e+05,-1641.3,502.56,-151.99,309.02,-448.3,-5.038e+05,2.5605e+05,0
-1643.1,5.6553e+05,-1643.1,501.86,-152.46,309.46,-447.67,-5.04e+05,2.565e+05,0
-1644.8,5.6591e+05,-1644.8,501.17,-152.94,309.89,-447.05,-5.042e+05,2.5695e+05,0
-1646.6,5.663e+05,-1646.6,500.47,-153.42,310.32,-446.43,-5.044e+05,2.574e+05,0
-1648.3,5.6668e+05,-1648.3,499.77,-153.89,310.76,-445.81,-5.046e+05,2.5785e+05,0
-1650.1,5.6706e+05,-1650.1,499.07,-154.37,311.19,-445.18,-5.048e+05,2.583e+05,0
-1651.9,5.6744e+05,-1651.9,498.37,-154.85,311.62,-444.56,-5.05e+05,2.5875e+05,0
-1653.6,5.6782e+05,-1653.6,497.68,-155.33,312.06,-443.94,-5.052e+05,2.592e+05,0
-1655.4,5.682e+05,-1655.4,496.98,-155.8,312.49,-443.32,-5.054e+05,2.5965e+05,0
-1657.4,5.6859e+05,-1657.4,496.3,-156.3,312.92,-442.71,-5.056e+05,2.601e+05,0
-1659.6,5.6897e+05,-1659.6,495.63,-156.81,313.35,-442.11,-5.058e+05,2.6055e+05,0
-1661.8,5.6936e+05,-1661.8,494.96,-157.31,313.78,-441.52,-5.06e+05,2.61e+05,0
-1664,5.6974e+05,-1664,494.29,-157.82,314.21,-440.92,-5.062e+05,2.6145e+05,0
-1666.2,5.7013e+05,-1666.2,493.62,-158.33,314.65,-440.32,-5.064e+05,2.619e+05,0
-1668.4,5.7052e+05,-1668.4,492.95,-158.83,315.08,-439.72,-5.066e+05,2.6235e+05,0
-1670.6,5.709e+05,-1670.6,492.28,-159.34,315.51,-439.13,-5.068e+05,2.628e+05,0
-1672.8,5.7129e+05,-1672.8,491.61,-159.85,315.94,-438.53,-5.07e+05,2.6325e+05,0
-1675,5.7168e+05,-1675,490.94,-160.35,316.37,-437.93,-5.072e+05,2.637e+05,0
-1677.2,5.7206e+05,-1677.2,490.27,-160.86,316.8,-437.33,-5.074e+05,2.6415e+05,0
-1679,5.7245e+05,-1679,489.6,-161.41,317.2,-436.73,-5.076e+05,2.646e+05,0
-1680.8,5.7283e+05,-1680.8,488.92,-161.97,317.58,-436.12,-5.078e+05,2.6505e+05,0
-1682.6,5.7321e+05,-1682.6,488.24,-162.53,317.97,-435.52,-5.08e+05,2.655e+05,0
-1684.4,5.736e+05,-1684.4,487.56,-163.09,318.35,-434.91,-5.082e+05,2.6595e+05,0
-1686.1,5.7398e+05,-1686.1,486.88,-163.66,318.74,-434.31,-5.084e+05,2.664e+05,0
-1687.9,5.7437e+05,-1687.9,486.2,-164.22,319.13,-433.7,-5.086e+05,2.6685e+05,0
-1689.7,5.7475e+05,-1689.7,485.52,-164.78,319.51,-433.1,-5.088e+05,2.673e+05,0
-1691.5,5.7514e+05,-1691.5,484.84,-165.34,319.9,-432.49,-5.09e+05,2.6775e+05,0
-1693.3,5.7552e+05,-1693.3,484.16,-165.9,320.28,-431.88,-5.092e+05,2.682e+05,0
-1695.2,5.7591e+05,-1695.2,483.49,-166.47,320.67,-431.29,-5.094e+05,2.6865e+05,0
-1697.4,5.7629e+05,-1697.4,482.83,-167.05,321.05,-430.7,-5.096e+05,2.691e+05,0
-1699.6,5.7668e+05,-1699.6,482.18,-167.63,321.42,-430.11,-5.098e+05,2.6955e+05,0
-1701.9,5.7707e+05,-1701.9,481.52,-168.21,321.8,-429.52,-5.1e+05,2.7e+05,0
-1704.1,5.7746e+05,-1704.1,480.86,-168.79,322.18,-428.94,-5.102e+05,2.7045e+05,0
-1706.3,5.7785e+05,-1706.3,480.2,-169.37,322.56,-428.35,-5.104e+05,2.709e+05,0
-1708.5,5.7824e+05,-1708.5,479.54,-169.95,322.94,-427.76,-5.106e+05,2.7135e+05,0
-1710.7,5.7863e+05,-1710.7,478.88,-170.53,323.32,-427.18,-5.108e+05,2.718e+05,0
-1712.9,5.7902e+05,-1712.9,478.23,-171.11,323.7,-426.59,-5.11e+05,2.7225e+05,0
-1715.2,5.7941e+05,-1715.2,477.57,-171.69,324.07,-426,-5.112e+05,2.727e+05,0
-1717.4,5.798e+05,-1717.4,476.91,-172.27,324.45,-425.41,-5.114e+05,2.7315e+05,0
-1719.6,5.8018e+05,-1719.6,476.25,-172.85,324.83,-424.83,-5.116e+05,2.736e+05,0
-1721.8,5.8057e+05,-1721.8,475.59,-173.43,325.21,-424.24,-5.118e+05,2.7405e+05,0
-1723.6,5.8096e+05,-1723.6,474.92,-174.07,325.54,-423.64,-5.12e+05,2.745e+05,0
-1725.4,5.8135e+05,-1725.4,474.26,-174.72,325.87,-423.05,-5.122e+05,2.7495e+05,0
-1727.2,5.8173e+05,-1727.2,473.59,-175.36,326.2,-422.45,-5.124e+05,2.754e+05,0
-1728.9,5.8212e+05,-1728.9,472.92,-176,326.53,-421.86,-5.126e+05,2.7585e+05,0
-1730.7,5.8251e+05,-1730.7,472.25,-176.64,326.87,-421.26,-5.128e+05,2.763e+05,0
-1732.5,5.829e+05,-1732.5,471.58,-177.29,327.2,-420.66,-5.13e+05,2.7675e+05,0
-1734.4,5.8328e+05,-1734.4,470.92,-177.93,327.53,-420.07,-5.132e+05,2.772e+05,0
-1736.6,5.8367e+05,-1736.6,470.27,-178.58,327.85,-419.49,-5.134e+05,2.7765e+05,0
-1738.8,5.8407e+05,-1738.8,469.61,-179.22,328.17,-418.91,-5.136e+05,2.781e+05,0
-1741.1,5.8446e+05,-1741.1,468.96,-179.87,328.5,-418.32,-5.138e+05,2.7855e+05,0
-1743.3,5.8485e+05,-1743.3,468.31,-180.51,328.82,-417.74,-5.14e+05,2.79e+05,0
-1745.5,5.8524e+05,-1745.5,467.66,-181.16,329.14,-417.16,-5.142e+05,2.7945e+05,0
-1747.7,5.8563e+05,-1747.7,467,-181.8,329.46,-416.58,-5.144e+05,2.799e+05,0
-1750,5.8602e+05,-1750,466.35,-182.45,329.78,-416,-5.146e+05,2.8035e+05,0
-1752.2,5.8642e+05,-1752.2,465.7,-183.09,330.11,-415.41,-5.148e+05,2.808e+05,0
-1754.4,5.8681e+05,-1754.4,465.05,-183.74,330.43,-414.83,-5.15e+05,2.8125e+05,0
-1756.7,5.872e+05,-1756.7,464.39,-184.39,330.75,-414.25,-5.152e+05,2.817e+05,0
-1758.9,5.8759e+05,-1758.9,463.74,-185.03,331.07,-413.67,-5.154e+05,2.8215e+05,0
-1761.1,5.8798e+05,-1761.1,463.09,-185.68,331.4,-413.09,-5.156e+05,2.826e+05,0
-1763.3,5.8837e+05,-1763.3,462.44,-186.32,331.72,-412.5,-5.158e+05,2.8305e+05,0
-1765.6,5.8877e+05,-1765.6,461.78,-186.97,332.04,-411.92,-5.16e+05,2.835e+05,0
-1767.7,5.8916e+05,-1767.7,461.13,-187.63,332.35,-411.34,-5.162e+05,2.8395e+05,0
-1769.5,5.8955e+05,-1769.5,460.47,-188.34,332.62,-410.75,-5.164e+05,2.844e+05,0
-1771.2,5.8994e+05,-1771.2,459.8,-189.06,332.9,-410.16,-5.166e+05,2.8485e+05,0
-1773,5.9033e+05,-1773,459.14,-189.77,333.17,-409.57,-5.168e+05,2.853e+05,0
-1774.8,5.9072e+05,-1774.8,458.48,-190.48,333.45,-408.97,-5.17e+05,2.8575e+05,0
-1777,5.9111e+05,-1777,457.83,-191.18,333.72,-408.39,-5.172e+05,2.862e+05,0
-1779.2,5.915e+05,-1779.2,457.18,-191.88,333.98,-407.82,-5.174e+05,2.8665e+05,0
-1781.5,5.919e+05,-1781.5,456.53,-192.58,334.25,-407.24,-5.176e+05,2.871e+05,0
-1783.7,5.9229e+05,-1783.7,455.88,-193.28,334.52,-406.66,-5.178e+05,2.8755e+05,0
-1785.9,5.9269e+05,-1785.9,455.24,-193.98,334.78,-406.08,-5.18e+05,2.88e+05,0
-1788.2,5.9308e+05,-1788.2,454.59,-194.68,335.05,-405.5,-5.182e+05,2.8845e+05,0
-1790.4,5.9348e+05,-1790.4,453.94,-195.38,335.31,-404.92,-5.184e+05,2.889e+05,0
-1792.6,5.9387e+05,-1792.6,453.29,-196.08,335.58,-404.35,-5.186e+05,2.8935e+05,0
-1794.9,5.9426e+05,-1794.9,452.64,-196.78,335.85,-403.77,-5.188e+05,2.898e+05,0
-1797.1,5.9466e+05,-1797.1,451.99,-197.48,336.11,-403.19,-5.19e+05,2.9025e+05,0
-1799.3,5.9505e+05,-1799.3,451.34,-198.18,336.38,-402.61,-5.192e+05,2.907e+05,0
-1801.5,5.9545e+05,-1801.5,450.7,-198.88,336.65,-402.03,-5.194e+05,2.9115e+05,0
-1803.8,5.9584e+05,-1803.8,450.05,-199.57,336.91,-401.45,-5.196e+05,2.916e+05,0
-1806,5.9624e+05,-1806,449.4,-200.27,337.18,-400.87,-5.198e+05,2.9205e+05,0
-1808.2,5.9663e+05,-1808.2,448.75,-200.97,337.45,-400.3,-5.2e+05,2.925e+05,0
-1810.5,5.9702e+05,-1810.5,448.1,-201.67,337.71,-399.72,-5.202e+05,2.9295e+05,0
-1812.7,5.9742e+05,-1812.7,447.45,-202.37,337.98,-399.14,-5.204e+05,2.934e+05,0
-1814.7,5.9781e+05,-1814.7,446.8,-203.11,338.22,-398.56,-5.206e+05,2.9385e+05,0
-1816.5,5.982e+05,-1816.5,446.14,-203.87,338.44,-397.97,-5.208e+05,2.943e+05,0
-1818.5,5.986e+05,-1818.5,445.49,-204.62,338.66,-397.39,-5.21e+05,2.9475e+05,0
-1820.8,5.99e+05,-1820.8,444.85,-205.35,338.87,-396.82,-5.212e+05,2.952e+05,0
-1823,5.9939e+05,-1823,444.21,-206.09,339.08,-396.24,-5.214e+05,2.9565e+05,0
-1825.2,5.9979e+05,-1825.2,443.56,-206.82,339.3,-395.67,-5.216e+05,2.961e+05,0
-1827.4,6.0019e+05,-1827.4,442.92,-207.56,339.51,-395.1,-5.218e+05,2.9655e+05,0
-1829.7,6.0058e+05,-1829.7,442.28,-208.3,339.73,-394.52,-5.22e+05,2.97e+05,0
-1831.9,6.0098e+05,-1831.9,441.63,-209.03,339.94,-393.95,-5.222e+05,2.9745e+05,0
-1834.1,6.0138e+05,-1834.1,440.99,-209.77,340.16,-393.37,-5.224e+05,2.979e+05,0
-1836.3,6.0177e+05,-1836.3,440.35,-210.5,340.37,-392.8,-5.226e+05,2.9835e+05,0
-1838.5,6.0217e+05,-1838.5,439.7,-211.24,340.59,-392.23,-5.228e+05,2.988e+05,0
-1840.8,6.0257e+05,-1840.8,439.06,-211.98,340.8,-391.65,-5.23e+05,2.9925e+05,0
-1843,6.0296e+05,-1843,438.42,-212.71,341.01,-391.08,-5.232e+05,2.997e+05,0
-1845.2,6.0336e+05,-1845.2,437.78,-213.45,341.23,-390.51,-5.234e+05,3.0015e+05,0
-1847.4,6.0376e+05,-1847.4,437.13,-214.18,341.44,-389.93,-5.236e+05,3.006e+05,0
-1849.6,6.0415e+05,-1849.6,436.48,-214.92,341.66,-389.35,-5.238e+05,3.0105e+05,0
-1851.6,6.0455e+05,-1851.6,435.82,-215.65,341.86,-388.76,-5.24e+05,3.015e+05,0
-1853.5,6.0495e+05,-1853.5,435.15,-216.38,342.06,-388.16,-5.242e+05,3.0195e+05,0
-1855.5,6.0535e+05,-1855.5,434.48,-217.1,342.26,-387.57,-5.244e+05,3.024e+05,0
-1857.4,6.0574e+05,-1857.4,433.81,-217.83,342.47,-386.97,-5.246e+05,3.0285e+05,0
-1859.6,6.0614e+05,-1859.6,433.16,-218.55,342.67,-386.39,-5.248e+05,3.033e+05,0
-1861.6,6.0654e+05,-1861.6,432.52,-219.29,342.84,-385.81,-5.25e+05,3.0375e+05,0
-1863.6,6.0694e+05,-1863.6,431.86,-220.03,342.99,-385.23,-5.252e+05,3.042e+05,0
-1865.5,6.0734e+05,-1865.5,431.21,-220.78,343.15,-384.65,-5.254e+05,3.0465e+05,0
-1867.4,6.0774e+05,-1867.4,430.55,-221.52,343.31,-384.06,-5.256e+05,3.051e+05,0
-1869.4,6.0814e+05,-1869.4,429.89,-222.27,343.47,-383.48,-5.258e+05,3.0555e+05,0
-1871.3,6.0854e+05,-1871.3,429.24,-223.02,343.63,-382.89,-5.26e+05,3.06e+05,0
-1873.3,6.0894e+05,-1873.3,428.58,-223.76,343.79,-382.31,-5.262e+05,3.0645e+05,0
-1875.2,6.0934e+05,-1875.2,427.93,-224.51,343.95,-381.72,-5.264e+05,3.069e+05,0
-1877.1,6.0974e+05,-1877.1,427.27,-225.26,344.1,-381.14,-5.266e+05,3.0735e+05,0
-1879.1,6.1014e+05,-1879.1,426.62,-226,344.26,-380.55,-5.268e+05,3.078e+05,0
-1881,6.1054e+05,-1881,425.96,-226.75,344.42,-379.97,-5.27e+05,3.0825e+05,0
-1883,6.1094e+05,-1883,425.31,-227.5,344.58,-379.39,-5.272e+05,3.087e+05,0
-1884.9,6.1134e+05,-1884.9,424.65,-228.24,344.74,-378.8,-5.274e+05,3.0915e+05,0
-1886.8,6.1174e+05,-1886.8,424,-228.99,344.9,-378.22,-5.276e+05,3.096e+05,0
-1888.8,6.1214e+05,-1888.8,423.34,-229.73,345.06,-377.63,-5.278e+05,3.1005e+05,0
-1890.7,6.1254e+05,-1890.7,422.69,-230.48,345.21,-377.05,-5.28e+05,3.105e+05,0
-1892.7,6.1294e+05,-1892.7,422.03,-231.23,345.37,-376.46,-5.282e+05,3.1095e+05,0
-1894.6,6.1334e+05,-1894.6,421.38,-231.97,345.53,-375.88,-5.284e+05,3.114e+05,0
-1896.6,6.1374e+05,-1896.6,420.73,-232.71,345.69,-375.3,-5.286e+05,3.1185e+05,0
-1899.1,6.1414e+05,-1899.1,420.13,-233.42,345.85,-374.77,-5.288e+05,3.123e+05,0
-1901.5,6.1454e+05,-1901.5,419.53,-234.13,346.01,-374.23,-5.29e+05,3.1275e+05,0
-1903.9,6.1495e+05,-1903.9,418.93,-234.84,346.16,-373.7,-5.292e+05,3.132e+05,0
-1905.8,6.1535e+05,-1905.8,418.3,-235.59,346.29,-373.13,-5.294e+05,3.1365e+05,0
-1907.8,6.1575e+05,-1907.8,417.66,-236.33,346.41,-372.56,-5.296e+05,3.141e+05,0
-1909.7,6.1615e+05,-1909.7,417.02,-237.08,346.54,-371.99,-5.298e+05,3.1455e+05,0
-1911.6,6.1656e+05,-1911.6,416.39,-237.82,346.66,-371.43,-5.3e+05,3.15e+05,0
-1913.5,6.1696e+05,-1913.5,415.75,-238.57,346.78,-370.86,-5.302e+05,3.1545e+05,0
-1915.4,6.1736e+05,-1915.4,415.12,-239.31,346.91,-370.29,-5.304e+05,3.159e+05,0
-1917.4,6.1776e+05,-1917.4,414.48,-240.05,347.03,-369.72,-5.306e+05,3.1635e+05,0
-1919.3,6.1816e+05,-1919.3,413.84,-240.8,347.16,-369.16,-5.308e+05,3.168e+05,0
-1921.2,6.1856e+05,-1921.2,413.21,-241.54,347.28,-368.59,-5.31e+05,3.1725e+05,0
-1923.1,6.1897e+05,-1923.1,412.57,-242.29,347.41,-368.02,-5.312e+05,3.177e+05,0
-1925,6.1937e+05,-1925,411.93,-243.03,347.53,-367.46,-5.314e+05,3.1815e+05,0
-1927,6.1977e+05,-1927,411.3,-243.78,347.66,-366.89,-5.316e+05,3.186e+05,0
-1928.9,6.2017e+05,-1928.9,410.66,-244.52,347.78,-366.32,-5.318e+05,3.1905e+05,0
-1930.8,6.2057e+05,-1930.8,410.03,-245.27,347.91,-365.75,-5.32e+05,3.195e+05,0
-1932.7,6.2098e+05,-1932.7,409.39,-246.01,348.03,-365.19,-5.322e+05,3.1995e+05,0
-1934.6,6.2138e+05,-1934.6,408.75,-246.76,348.16,-364.62,-5.324e+05,3.204e+05,0
-1937,6.2178e+05,-1937,408.18,-247.46,348.28,-364.1,-5.326e+05,3.2085e+05,0
-1939.4,6.2219e+05,-1939.4,407.6,-248.16,348.41,-363.59,-5.328e+05,3.213e+05,0
-1941.8,6.226e+05,-1941.8,407.03,-248.86,348.54,-363.08,-5.33e+05,3.2175e+05,0
-1944.3,6.23e+05,-1944.3,406.46,-249.57,348.66,-362.57,-5.332e+05,3.222e+05,0
-1946.7,6.2341e+05,-1946.7,405.88,-250.27,348.79,-362.06,-5.334e+05,3.2265e+05,0
-1948.9,6.2381e+05,-1948.9,405.3,-250.98,348.91,-361.54,-5.336e+05,3.231e+05,0
-1950.8,6.2422e+05,-1950.8,404.69,-251.7,349.01,-360.99,-5.338e+05,3.2355e+05,0
-1952.7,6.2462e+05,-1952.7,404.08,-252.43,349.11,-360.45,-5.34e+05,3.24e+05,0
-1954.6,6.2503e+05,-1954.6,403.47,-253.16,349.22,-359.9,-5.342e+05,3.2445e+05,0
-1956.5,6.2543e+05,-1956.5,402.86,-253.88,349.32,-359.36,-5.344e+05,3.249e+05,0
-1958.4,6.2583e+05,-1958.4,402.25,-254.61,349.42,-358.81,-5.346e+05,3.2535e+05,0
-1960.3,6.2624e+05,-1960.3,401.63,-255.34,349.53,-358.27,-5.348e+05,3.258e+05,0
-1962.1,6.2664e+05,-1962.1,401.02,-256.06,349.63,-357.72,-5.35e+05,3.2625e+05,0
-1964,6.2705e+05,-1964,400.41,-256.79,349.73,-357.18,-5.352e+05,3.267e+05,0
-1965.9,6.2745e+05,-1965.9,399.8,-257.52,349.83,-356.63,-5.354e+05,3.2715e+05,0
-1967.8,6.2785e+05,-1967.8,399.19,-258.24,349.94,-356.09,-5.356e+05,3.276e+05,0
-1969.7,6.2826e+05,-1969.7,398.58,-258.97,350.04,-355.54,-5.358e+05,3.2805e+05,0
-1971.6,6.2866e+05,-1971.6,397.97,-259.7,350.14,-355,-5.36e+05,3.285e+05,0
-1973.5,6.2907e+05,-1973.5,397.36,-260.42,350.25,-354.45,-5.362e+05,3.2895e+05,0
-1975.7,6.2947e+05,-1975.7,396.79,-261.12,350.35,-353.95,-5.364e+05,3.294e+05,0
-1978.1,6.2988e+05,-1978.1,396.25,-261.8,350.46,-353.46,-5.366e+05,3.2985e+05,0
-1980.5,6.3029e+05,-1980.5,395.7,-262.48,350.56,-352.98,-5.368e+05,3.303e+05,0
-1982.8,6.307e+05,-1982.8,395.16,-263.16,350.67,-352.49,-5.37e+05,3.3075e+05,0
-1985.2,6.3111e+05,-1985.2,394.61,-263.84,350.77,-352,-5.372e+05,3.312e+05,0
-1987.6,6.3151e+05,-1987.6,394.07,-264.52,350.88,-351.52,-5.374e+05,3.3165e+05,0
-1990,6.3192e+05,-1990,393.52,-265.2,350.99,-351.03,-5.376e+05,3.321e+05,0
-1992.3,6.3233e+05,-1992.3,392.98,-265.88,351.09,-350.54,-5.378e+05,3.3255e+05,0
-1994.4,6.3274e+05,-1994.4,392.41,-266.57,351.19,-350.04,-5.38e+05,3.33e+05,0
-1996.3,6.3314e+05,-1996.3,391.83,-267.26,351.28,-349.52,-5.382e+05,3.3345e+05,0
-1998.1,6.3355e+05,-1998.1,391.25,-267.96,351.38,-349,-5.384e+05,3.339e+05,0
-2000,6.3396e+05,-2000,390.67,-268.66,351.47,-348.49,-5.386e+05,3.3435e+05,0
-2001.8,6.3436e+05,-2001.8,390.09,-269.35,351.56,-347.97,-5.388e+05,3.348e+05,0
-2003.7,6.3477e+05,-2003.7,389.51,-270.05,351.66,-347.45,-5.39e+05,3.3525e+05,0
-2005.5,6.3518e+05,-2005.5,388.93,-270.74,351.75,-346.93,-5.392e+05,3.357e+05,0
-2007.4,6.3558e+05,-2007.4,388.35,-271.44,351.84,-346.42,-5.394e+05,3.3615e+05,0
-2009.2,6.3599e+05,-2009.2,387.77,-272.14,351.94,-345.9,-5.396e+05,3.366e+05,0
-2011.1,6.3639e+05,-2011.1,387.19,-272.83,352.03,-345.38,-5.398e+05,3.3705e+05,0
-2012.9,6.368e+05,-2012.9,386.61,-273.53,352.12,-344.86,-5.4e+05,3.375e+05,0
-2015,6.3721e+05,-2015,386.05,-274.2,352.22,-344.37,-5.402e+05,3.3795e+05,0
-2017.3,6.3762e+05,-2017.3,385.54,-274.85,352.31,-343.91,-5.404e+05,3.384e+05,0
-2019.6,6.3803e+05,-2019.6,385.02,-275.5,352.41,-343.45,-5.406e+05,3.3885e+05,0
-2022,6.3844e+05,-2022,384.5,-276.15,352.5,-342.98,-5.408e+05,3.393e+05,0
-2024.3,6.3885e+05,-2024.3,383.98,-276.8,352.6,-342.52,-5.41e+05,3.3975e+05,0
-2026.6,6.3926e+05,-2026.6,383.47,-277.45,352.7,-342.06,-5.412e+05,3.402e+05,0
-2029,6.3967e+05,-2029,382.95,-278.09,352.79,-341.6,-5.414e+05,3.4065e+05,0
-2031.3,6.4008e+05,-2031.3,382.43,-278.74,352.89,-341.14,-5.416e+05,3.411e+05,0
-2033.6,6.4049e+05,-2033.6,381.92,-279.39,352.98,-340.68,-5.418e+05,3.4155e+05,0
-2036,6.409e+05,-2036,381.4,-280.04,353.08,-340.22,-5.42e+05,3.42e+05,0
-2038.3,6.4131e+05,-2038.3,380.88,-280.69,353.18,-339.75,-5.422e+05,3.4245e+05,0
-2040.2,6.4172e+05,-2040.2,380.34,-281.34,353.27,-339.27,-5.424e+05,3.429e+05,0
-2042,6.4213e+05,-2042,379.79,-282,353.37,-338.78,-5.426e+05,3.4335e+05,0
-2043.8,6.4253e+05,-2043.8,379.24,-282.66,353.46,-338.3,-5.428e+05,3.438e+05,0
-2045.6,6.4294e+05,-2045.6,378.7,-283.31,353.56,-337.81,-5.43e+05,3.4425e+05,0
-2047.4,6.4335e+05,-2047.4,378.15,-283.97,353.65,-337.32,-5.432e+05,3.447e+05,0
-2049.2,6.4376e+05,-2049.2,377.6,-284.63,353.74,-336.83,-5.434e+05,3.4515e+05,0
-2051,6.4417e+05,-2051,377.06,-285.28,353.84,-336.34,-5.436e+05,3.456e+05,0
-2052.8,6.4458e+05,-2052.8,376.51,-285.94,353.93,-335.85,-5.438e+05,3.4605e+05,0
-2054.7,6.4498e+05,-2054.7,375.97,-286.59,354.03,-335.38,-5.44e+05,3.465e+05,0
-2057,6.454e+05,-2057,375.48,-287.19,354.13,-334.94,-5.442e+05,3.4695e+05,0
-2059.3,6.4581e+05,-2059.3,374.99,-287.8,354.22,-334.5,-5.444e+05,3.474e+05,0
-2061.5,6.4622e+05,-2061.5,374.5,-288.41,354.32,-334.06,-5.446e+05,3.4785e+05,0
-2063.8,6.4663e+05,-2063.8,374.01,-289.02,354.42,-333.63,-5.448e+05,3.483e+05,0
-2066.1,6.4705e+05,-2066.1,373.52,-289.63,354.51,-333.19,-5.45e+05,3.4875e+05,0
-2068.4,6.4746e+05,-2068.4,373.03,-290.24,354.61,-332.75,-5.452e+05,3.492e+05,0
-2070.6,6.4787e+05,-2070.6,372.54,-290.85,354.71,-332.31,-5.454e+05,3.4965e+05,0
-2072.9,6.4828e+05,-2072.9,372.05,-291.45,354.8,-331.87,-5.456e+05,3.501e+05,0
-2075.2,6.4869e+05,-2075.2,371.56,-292.06,354.9,-331.44,-5.458e+05,3.5055e+05,0
-2077.5,6.4911e+05,-2077.5,371.07,-292.67,355,-331,-5.46e+05,3.51e+05,0
-2079.7,6.4952e+05,-2079.7,370.57,-293.28,355.1,-330.56,-5.462e+05,3.5145e+05,0
-2082,6.4993e+05,-2082,370.08,-293.89,355.19,-330.12,-5.464e+05,3.519e+05,0
-2084.3,6.5034e+05,-2084.3,369.59,-294.5,355.29,-329.68,-5.466e+05,3.5235e+05,0
-2086,6.5075e+05,-2086,369.08,-295.11,355.4,-329.23,-5.468e+05,3.528e+05,0
-2087.7,6.5116e+05,-2087.7,368.57,-295.72,355.5,-328.77,-5.47e+05,3.5325e+05,0
-2089.5,6.5157e+05,-2089.5,368.05,-296.33,355.61,-328.31,-5.472e+05,3.537e+05,0
-2091.2,6.5198e+05,-2091.2,367.54,-296.94,355.72,-327.85,-5.474e+05,3.5415e+05,0
-2093,6.5239e+05,-2093,367.03,-297.54,355.82,-327.4,-5.476e+05,3.546e+05,0
-2094.7,6.528e+05,-2094.7,366.51,-298.15,355.93,-326.94,-5.478e+05,3.5505e+05,0
-2096.9,6.5322e+05,-2096.9,366.04,-298.72,356.04,-326.52,-5.48e+05,3.555e+05,0
-2099.1,6.5363e+05,-2099.1,365.58,-299.28,356.14,-326.1,-5.482e+05,3.5595e+05,0
-2101.3,6.5404e+05,-2101.3,365.11,-299.84,356.25,-325.69,-5.484e+05,3.564e+05,0
-2103.5,6.5446e+05,-2103.5,364.65,-300.4,356.36,-325.27,-5.486e+05,3.5685e+05,0
-2105.7,6.5487e+05,-2105.7,364.18,-300.96,356.47,-324.86,-5.488e+05,3.573e+05,0
-2108,6.5529e+05,-2108,363.71,-301.52,356.58,-324.44,-5.49e+05,3.5775e+05,0
-2110.2,6.557e+05,-2110.2,363.25,-302.08,356.69,-324.03,-5.492e+05,3.582e+05,0
-2112.4,6.5611e+05,-2112.4,362.78,-302.64,356.79,-323.61,-5.494e+05,3.5865e+05,0
-2114.6,6.5653e+05,-2114.6,362.32,-303.2,356.9,-323.19,-5.496e+05,3.591e+05,0
-2116.8,6.5694e+05,-2116.8,361.85,-303.76,357.01,-322.78,-5.498e+05,3.5955e+05,0
-2119,6.5736e+05,-2119,361.38,-304.32,357.12,-322.36,-5.5e+05,3.6e+05,0
-2121.2,6.5777e+05,-2121.2,360.92,-304.88,357.23,-321.95,-5.502e+05,3.6045e+05,0
-2123.4,6.5818e+05,-2123.4,360.45,-305.44,357.33,-321.53,-5.504e+05,3.609e+05,0
-2125.6,6.586e+05,-2125.6,359.98,-306,357.44,-321.11,-5.506e+05,3.6135e+05,0
-2127.8,6.5901e+05,-2127.8,359.52,-306.56,357.55,-320.7,-5.508e+05,3.618e+05,0
-2129.9,6.5942e+05,-2129.9,359.05,-307.12,357.66,-320.28,-5.51e+05,3.6225e+05,0
-2131.6,6.5984e+05,-2131.6,358.57,-307.68,357.79,-319.85,-5.512e+05,3.627e+05,0
-2133.2,6.6025e+05,-2133.2,358.09,-308.23,357.92,-319.42,-5.514e+05,3.6315e+05,0
-2134.9,6.6066e+05,-2134.9,357.61,-308.79,358.05,-318.99,-5.516e+05,3.636e+05,0
-2136.9,6.6108e+05,-2136.9,357.15,-309.31,358.17,-318.59,-5.518e+05,3.6405e+05,0
-2139.1,6.6149e+05,-2139.1,356.71,-309.81,358.3,-318.19,-5.52e+05,3.645e+05,0
-2141.2,6.6191e+05,-2141.2,356.26,-310.32,358.43,-317.8,-5.522e+05,3.6495e+05,0
-2143.3,6.6232e+05,-2143.3,355.82,-310.82,358.56,-317.4,-5.524e+05,3.654e+05,0
-2145.5,6.6274e+05,-2145.5,355.38,-311.33,358.69,-317,-5.526e+05,3.6585e+05,0
-2147.6,6.6315e+05,-2147.6,354.93,-311.83,358.82,-316.61,-5.528e+05,3.663e+05,0
-2149.7,6.6357e+05,-2149.7,354.49,-312.34,358.95,-316.21,-5.53e+05,3.6675e+05,0
-2151.9,6.6399e+05,-2151.9,354.05,-312.84,359.07,-315.82,-5.532e+05,3.672e+05,0
-2154,6.644e+05,-2154,353.6,-313.34,359.2,-315.42,-5.534e+05,3.6765e+05,0
-2156.1,6.6482e+05,-2156.1,353.16,-313.85,359.33,-315.03,-5.536e+05,3.681e+05,0
-2158.3,6.6523e+05,-2158.3,352.71,-314.35,359.46,-314.63,-5.538e+05,3.6855e+05,0
-2160.4,6.6565e+05,-2160.4,352.27,-314.86,359.59,-314.23,-5.54e+05,3.69e+05,0
-2162.5,6.6606e+05,-2162.5,351.83,-315.36,359.72,-313.84,-5.542e+05,3.6945e+05,0
-2164.7,6.6648e+05,-2164.7,351.38,-315.87,359.85,-313.44,-5.544e+05,3.699e+05,0
-2166.8,6.669e+05,-2166.8,350.94,-316.37,359.98,-313.05,-5.546e+05,3.7035e+05,0
-2168.9,6.6731e+05,-2168.9,350.5,-316.87,360.1,-312.65,-5.548e+05,3.708e+05,0
-2171.1,6.6773e+05,-2171.1,350.05,-317.38,360.23,-312.26,-5.55e+05,3.7125e+05,0
-2173.2,6.6814e+05,-2173.2,349.61,-317.88,360.36,-311.86,-5.552e+05,3.717e+05,0
-2175,6.6856e+05,-2175,349.16,-318.38,360.51,-311.46,-5.554e+05,3.7215e+05,0
-2176.8,6.6897e+05,-2176.8,348.72,-318.85,360.66,-311.07,-5.556e+05,3.726e+05,0
-2178.9,6.6939e+05,-2178.9,348.3,-319.29,360.82,-310.69,-5.558e+05,3.7305e+05,0
-2180.9,6.6981e+05,-2180.9,347.88,-319.73,360.98,-310.31,-5.56e+05,3.735e+05,0
-2183,6.7022e+05,-2183,347.45,-320.17,361.14,-309.94,-5.562e+05,3.7395e+05,0
-2185,6.7064e+05,-2185,347.03,-320.61,361.29,-309.56,-5.564e+05,3.744e+05,0
-2187.1,6.7106e+05,-2187.1,346.61,-321.05,361.45,-309.18,-5.566e+05,3.7485e+05,0
-2189.1,6.7148e+05,-2189.1,346.19,-321.49,361.61,-308.81,-5.568e+05,3.753e+05,0
-2191.2,6.7189e+05,-2191.2,345.76,-321.93,361.77,-308.43,-5.57e+05,3.7575e+05,0
-2193.2,6.7231e+05,-2193.2,345.34,-322.37,361.93,-308.05,-5.572e+05,3.762e+05,0
-2195.1,6.7273e+05,-2195.1,344.91,-322.81,362.07,-307.67,-5.574e+05,3.7665e+05,0
-2196.9,6.7315e+05,-2196.9,344.48,-323.24,362.22,-307.28,-5.576e+05,3.771e+05,0
-2198.8,6.7357e+05,-2198.8,344.04,-323.68,362.37,-306.9,-5.578e+05,3.7755e+05,0
-2200.6,6.7398e+05,-2200.6,343.61,-324.12,362.51,-306.51,-5.58e+05,3.78e+05,0
-2202.5,6.744e+05,-2202.5,343.18,-324.56,362.66,-306.12,-5.582e+05,3.7845e+05,0
-2204.3,6.7482e+05,-2204.3,342.75,-324.99,362.8,-305.74,-5.584e+05,3.789e+05,0
-2206.1,6.7524e+05,-2206.1,342.32,-325.43,362.95,-305.35,-5.586e+05,3.7935e+05,0
-2208,6.7565e+05,-2208,341.88,-325.87,363.1,-304.97,-5.588e+05,3.798e+05,0
-2209.8,6.7607e+05,-2209.8,341.45,-326.31,363.24,-304.58,-5.59e+05,3.8025e+05,0
-2211.7,6.7649e+05,-2211.7,341.02,-326.75,363.39,-304.2,-5.592e+05,3.807e+05,0
-2213.6,6.7691e+05,-2213.6,340.59,-327.17,363.54,-303.82,-5.594e+05,3.8115e+05,0
-2215.9,6.7733e+05,-2215.9,340.19,-327.56,363.69,-303.45,-5.596e+05,3.816e+05,0
-2217.8,6.7775e+05,-2217.8,339.78,-327.92,363.86,-303.09,-5.598e+05,3.8205e+05,0
-2219.6,6.7817e+05,-2219.6,339.36,-328.29,364.05,-302.72,-5.6e+05,3.825e+05,0
-2221.3,6.7859e+05,-2221.3,338.95,-328.66,364.23,-302.35,-5.602e+05,3.8295e+05,0
-2223.1,6.7901e+05,-2223.1,338.54,-329.02,364.41,-301.99,-5.604e+05,3.834e+05,0
-2224.8,6.7943e+05,-2224.8,338.13,-329.39,364.6,-301.62,-5.606e+05,3.8385e+05,0
-2226.6,6.7985e+05,-2226.6,337.72,-329.75,364.78,-301.25,-5.608e+05,3.843e+05,0
-2228.3,6.8027e+05,-2228.3,337.3,-330.12,364.96,-300.88,-5.61e+05,3.8475e+05,0
-2230.1,6.8069e+05,-2230.1,336.89,-330.49,365.15,-300.52,-5.612e+05,3.852e+05,0
-2231.9,6.8111e+05,-2231.9,336.48,-330.85,365.33,-300.15,-5.614e+05,3.8565e+05,0
-2233.6,6.8153e+05,-2233.6,336.07,-331.22,365.51,-299.78,-5.616e+05,3.861e+05,0
-2235.4,6.8195e+05,-2235.4,335.66,-331.58,365.7,-299.41,-5.618e+05,3.8655e+05,0
-2237.1,6.8237e+05,-2237.1,335.24,-331.95,365.88,-299.05,-5.62e+05,3.87e+05,0
-2238.9,6.8279e+05,-2238.9,334.83,-332.31,366.06,-298.68,-5.622e+05,3.8745e+05,0
-2240.6,6.8321e+05,-2240.6,334.42,-332.68,366.25,-298.31,-5.624e+05,3.879e+05,0
-2242.4,6.8362e+05,-2242.4,334.01,-333.05,366.43,-297.94,-5.626e+05,3.8835e+05,0
-2244.2,6.8404e+05,-2244.2,333.6,-333.41,366.61,-297.58,-5.628e+05,3.888e+05,0
-2245.9,6.8446e+05,-2245.9,333.18,-333.78,366.8,-297.21,-5.63e+05,3.8925e+05,0
-2247.7,6.8488e+05,-2247.7,332.77,-334.14,366.98,-296.84,-5.632e+05,3.897e+05,0
-2249.9,6.8531e+05,-2249.9,332.39,-334.45,367.17,-296.5,-5.634e+05,3.9015e+05,0
-2252.1,6.8573e+05,-2252.1,332.02,-334.76,367.36,-296.17,-5.636e+05,3.906e+05,0
-2254.3,6.8615e+05,-2254.3,331.64,-335.07,367.55,-295.83,-5.638e+05,3.9105e+05,0
-2256.5,6.8657e+05,-2256.5,331.26,-335.37,367.74,-295.49,-5.64e+05,3.915e+05,0
-2258.2,6.87e+05,-2258.2,330.87,-335.66,367.97,-295.15,-5.642e+05,3.9195e+05,0
-2259.9,6.8742e+05,-2259.9,330.48,-335.94,368.19,-294.8,-5.644e+05,3.924e+05,0
-2261.5,6.8784e+05,-2261.5,330.09,-336.23,368.42,-294.45,-5.646e+05,3.9285e+05,0
-2263.2,6.8826e+05,-2263.2,329.7,-336.52,368.65,-294.1,-5.648e+05,3.933e+05,0
-2264.9,6.8868e+05,-2264.9,329.31,-336.8,368.88,-293.75,-5.65e+05,3.9375e+05,0
-2266.5,6.891e+05,-2266.5,328.92,-337.09,369.1,-293.4,-5.652e+05,3.942e+05,0
-2268.2,6.8952e+05,-2268.2,328.53,-337.37,369.33,-293.05,-5.654e+05,3.9465e+05,0
-2269.9,6.8994e+05,-2269.9,328.14,-337.66,369.56,-292.7,-5.656e+05,3.951e+05,0
-2271.5,6.9036e+05,-2271.5,327.74,-337.94,369.79,-292.36,-5.658e+05,3.9555e+05,0
-2273.2,6.9079e+05,-2273.2,327.35,-338.23,370.02,-292.01,-5.66e+05,3.96e+05,0
-2274.9,6.9121e+05,-2274.9,326.96,-338.52,370.24,-291.66,-5.662e+05,3.9645e+05,0
-2276.6,6.9163e+05,-2276.6,326.57,-338.8,370.47,-291.31,-5.664e+05,3.969e+05,0
-2278.2,6.9205e+05,-2278.2,326.18,-339.09,370.7,-290.96,-5.666e+05,3.9735e+05,0
-2279.9,6.9247e+05,-2279.9,325.79,-339.37,370.93,-290.61,-5.668e+05,3.978e+05,0
-2281.6,6.9289e+05,-2281.6,325.4,-339.66,371.15,-290.26,-5.67e+05,3.9825e+05,0
-2283.6,6.9332e+05,-2283.6,325.04,-339.9,371.39,-289.94,-5.672e+05,3.987e+05,0
-2285.7,6.9374e+05,-2285.7,324.69,-340.12,371.63,-289.63,-5.674e+05,3.9915e+05,0
-2287.8,6.9416e+05,-2287.8,324.34,-340.35,371.86,-289.32,-5.676e+05,3.996e+05,0
-2289.9,6.9459e+05,-2289.9,323.99,-340.57,372.1,-289.01,-5.678e+05,4.0005e+05,0
-2292.1,6.9501e+05,-2292.1,323.64,-340.79,372.34,-288.7,-5.68e+05,4.005e+05,0
-2294.2,6.9544e+05,-2294.2,323.29,-341.02,372.57,-288.39,-5.682e+05,4.0095e+05,0
-2296.1,6.9586e+05,-2296.1,322.94,-341.23,372.82,-288.07,-5.684e+05,4.014e+05,0
-2297.7,6.9628e+05,-2297.7,322.57,-341.43,373.1,-287.74,-5.686e+05,4.0185e+05,0
-2299.3,6.9671e+05,-2299.3,322.2,-341.63,373.38,-287.41,-5.688e+05,4.023e+05,0
-2300.8,6.9713e+05,-2300.8,321.83,-341.83,373.66,-287.08,-5.69e+05,4.0275e+05,0
-2302.4,6.9755e+05,-2302.4,321.46,-342.03,373.94,-286.75,-5.692e+05,4.032e+05,0
-2304,6.9797e+05,-2304,321.09,-342.23,374.22,-286.42,-5.694e+05,4.0365e+05,0
-2305.6,6.984e+05,-2305.6,320.72,-342.42,374.5,-286.09,-5.696e+05,4.041e+05,0
-2307.1,6.9882e+05,-2307.1,320.35,-342.62,374.78,-285.76,-5.698e+05,4.0455e+05,0
-2308.7,6.9924e+05,-2308.7,319.98,-342.82,375.06,-285.43,-5.7e+05,4.05e+05,0
-2310.3,6.9967e+05,-2310.3,319.61,-343.02,375.34,-285.1,-5.702e+05,4.0545e+05,0
-2311.9,7.0009e+05,-2311.9,319.24,-343.22,375.62,-284.77,-5.704e+05,4.059e+05,0
-2313.4,7.0051e+05,-2313.4,318.87,-343.42,375.9,-284.44,-5.706e+05,4.0635e+05,0
-2315,7.0093e+05,-2315,318.5,-343.62,376.18,-284.11,-5.708e+05,4.068e+05,0
-2316.8,7.0136e+05,-2316.8,318.15,-343.79,376.46,-283.8,-5.71e+05,4.0725e+05,0
-2318.8,7.0178e+05,-2318.8,317.83,-343.92,376.75,-283.51,-5.712e+05,4.077e+05,0
-2320.8,7.0221e+05,-2320.8,317.5,-344.05,377.05,-283.22,-5.714e+05,4.0815e+05,0
-2322.8,7.0264e+05,-2322.8,317.18,-344.19,377.34,-282.93,-5.716e+05,4.086e+05,0
-2324.8,7.0306e+05,-2324.8,316.85,-344.32,377.63,-282.64,-5.718e+05,4.0905e+05,0
-2326.8,7.0349e+05,-2326.8,316.53,-344.45,377.93,-282.35,-5.72e+05,4.095e+05,0
-2328.9,7.0391e+05,-2328.9,316.2,-344.58,378.22,-282.06,-5.722e+05,4.0995e+05,0
-2330.9,7.0434e+05,-2330.9,315.88,-344.72,378.51,-281.77,-5.724e+05,4.104e+05,0
-2332.9,7.0476e+05,-2332.9,315.55,-344.85,378.8,-281.48,-5.726e+05,4.1085e+05,0
-2334.6,7.0519e+05,-2334.6,315.21,-344.97,379.12,-281.18,-5.728e+05,4.113e+05,0
-2336.1,7.0561e+05,-2336.1,314.86,-345.08,379.46,-280.86,-5.73e+05,4.1175e+05,0
-2337.5,7.0604e+05,-2337.5,314.51,-345.18,379.8,-280.55,-5.732e+05,4.122e+05,0
-2339,7.0646e+05,-2339,314.16,-345.29,380.14,-280.24,-5.734e+05,4.1265e+05,0
-2340.5,7.0689e+05,-2340.5,313.81,-345.4,380.48,-279.93,-5.736e+05,4.131e+05,0
-2342,7.0731e+05,-2342,313.46,-345.5,380.81,-279.62,-5.738e+05,4.1355e+05,0
-2343.4,7.0773e+05,-2343.4,313.11,-345.61,381.15,-279.31,-5.74e+05,4.14e+05,0
-2344.9,7.0816e+05,-2344.9,312.77,-345.72,381.49,-278.99,-5.742e+05,4.1445e+05,0
-2346.4,7.0858e+05,-2346.4,312.42,-345.82,381.83,-278.68,-5.744e+05,4.149e+05,0
-2347.9,7.0901e+05,-2347.9,312.07,-345.93,382.17,-278.37,-5.746e+05,4.1535e+05,0
-2349.4,7.0943e+05,-2349.4,311.73,-346.02,382.51,-278.07,-5.748e+05,4.158e+05,0
-2351.3,7.0986e+05,-2351.3,311.42,-346.06,382.86,-277.79,-5.75e+05,4.1625e+05,0
-2353.2,7.1029e+05,-2353.2,311.11,-346.1,383.22,-277.52,-5.752e+05,4.167e+05,0
-2355.1,7.1071e+05,-2355.1,310.81,-346.14,383.58,-277.25,-5.754e+05,4.1715e+05,0
-2357,7.1114e+05,-2357,310.5,-346.18,383.93,-276.97,-5.756e+05,4.176e+05,0
-2358.9,7.1157e+05,-2358.9,310.19,-346.22,384.29,-276.7,-5.758e+05,4.1805e+05,0
-2360.8,7.12e+05,-2360.8,309.89,-346.26,384.65,-276.43,-5.76e+05,4.185e+05,0
-2362.7,7.1242e+05,-2362.7,309.58,-346.3,385,-276.15,-5.762e+05,4.1895e+05,0
-2364.6,7.1285e+05,-2364.6,309.27,-346.34,385.36,-275.88,-5.764e+05,4.194e+05,0
-2366.5,7.1328e+05,-2366.5,308.97,-346.38,385.72,-275.6,-5.766e+05,4.1985e+05,0
-2368.4,7.137e+05,-2368.4,308.66,-346.41,386.07,-275.33,-5.768e+05,4.203e+05,0
-2370.2,7.1413e+05,-2370.2,308.35,-346.45,386.43,-275.06,-5.77e+05,4.2075e+05,0
-2371.7,7.1456e+05,-2371.7,308.02,-346.47,386.83,-274.77,-5.772e+05,4.212e+05,0
-2373.1,7.1498e+05,-2373.1,307.69,-346.48,387.23,-274.47,-5.774e+05,4.2165e+05,0
-2374.5,7.1541e+05,-2374.5,307.36,-346.49,387.63,-274.17,-5.776e+05,4.221e+05,0
-2375.8,7.1583e+05,-2375.8,307.03,-346.51,388.04,-273.88,-5.778e+05,4.2255e+05,0
-2377.2,7.1626e+05,-2377.2,306.7,-346.52,388.44,-273.58,-5.78e+05,4.23e+05,0
-2378.6,7.1669e+05,-2378.6,306.37,-346.53,388.84,-273.29,-5.782e+05,4.2345e+05,0
-2380,7.1711e+05,-2380,306.03,-346.54,389.25,-272.99,-5.784e+05,4.239e+05,0
-2381.3,7.1754e+05,-2381.3,305.7,-346.55,389.65,-272.69,-5.786e+05,4.2435e+05,0
-2383.1,7.1797e+05,-2383.1,305.41,-346.5,390.08,-272.43,-5.788e+05,4.248e+05,0
-2384.9,7.1839e+05,-2384.9,305.11,-346.44,390.51,-272.17,-5.79e+05,4.2525e+05,0
-2386.6,7.1882e+05,-2386.6,304.82,-346.39,390.93,-271.9,-5.792e+05,4.257e+05,0
-2388.4,7.1925e+05,-2388.4,304.52,-346.33,391.36,-271.64,-5.794e+05,4.2615e+05,0
-2390.2,7.1968e+05,-2390.2,304.23,-346.28,391.79,-271.38,-5.796e+05,4.266e+05,0
-2391.9,7.2011e+05,-2391.9,303.93,-346.22,392.22,-271.11,-5.798e+05,4.2705e+05,0
-2393.7,7.2054e+05,-2393.7,303.64,-346.17,392.65,-270.85,-5.8e+05,4.275e+05,0
-2395.5,7.2097e+05,-2395.5,303.34,-346.11,393.07,-270.59,-5.802e+05,4.2795e+05,0
-2397.3,7.2139e+05,-2397.3,303.05,-346.06,393.5,-270.32,-5.804e+05,4.284e+05,0
-2399,7.2182e+05,-2399,302.75,-346,393.93,-270.06,-5.806e+05,4.2885e+05,0
-2400.8,7.2225e+05,-2400.8,302.46,-345.95,394.36,-269.8,-5.808e+05,4.293e+05,0
-2402.6,7.2268e+05,-2402.6,302.16,-345.89,394.79,-269.53,-5.81e+05,4.2975e+05,0
-2404.3,7.2311e+05,-2404.3,301.87,-345.84,395.21,-269.27,-5.812e+05,4.302e+05,0
-2406.1,7.2354e+05,-2406.1,301.57,-345.78,395.64,-269.01,-5.814e+05,4.3065e+05,0
-2407.3,7.2396e+05,-2407.3,301.25,-345.7,396.12,-268.72,-5.816e+05,4.311e+05,0
-2408.6,7.2439e+05,-2408.6,300.93,-345.61,396.59,-268.44,-5.818e+05,4.3155e+05,0
-2409.9,7.2482e+05,-2409.9,300.61,-345.53,397.07,-268.15,-5.82e+05,4.32e+05,0
-2411.2,7.2524e+05,-2411.2,300.29,-345.45,397.54,-267.87,-5.822e+05,4.3245e+05,0
-2412.4,7.2567e+05,-2412.4,299.97,-345.37,398.02,-267.58,-5.824e+05,4.329e+05,0
-2414,7.261e+05,-2414,299.67,-345.24,398.51,-267.31,-5.826e+05,4.3335e+05,0
-2415.6,7.2653e+05,-2415.6,299.38,-345.09,399.02,-267.05,-5.828e+05,4.338e+05,0
-2417.3,7.2696e+05,-2417.3,299.09,-344.94,399.53,-266.79,-5.83e+05,4.3425e+05,0
-2418.9,7.2739e+05,-2418.9,298.79,-344.79,400.04,-266.53,-5.832e+05,4.347e+05,0
-2420.6,7.2782e+05,-2420.6,298.5,-344.65,400.55,-266.27,-5.834e+05,4.3515e+05,0
-2422.2,7.2825e+05,-2422.2,298.21,-344.5,401.05,-266.01,-5.836e+05,4.356e+05,0
-2423.8,7.2868e+05,-2423.8,297.92,-344.35,401.56,-265.75,-5.838e+05,4.3605e+05,0
-2425.5,7.2911e+05,-2425.5,297.62,-344.2,402.07,-265.49,-5.84e+05,4.365e+05,0
-2427.1,7.2954e+05,-2427.1,297.33,-344.06,402.58,-265.23,-5.842e+05,4.3695e+05,0
-2428.8,7.2997e+05,-2428.8,297.04,-343.91,403.08,-264.97,-5.844e+05,4.374e+05,0
-2430.4,7.304e+05,-2430.4,296.75,-343.76,403.59,-264.71,-5.846e+05,4.3785e+05,0
-2432.1,7.3083e+05,-2432.1,296.46,-343.61,404.1,-264.44,-5.848e+05,4.383e+05,0
-2433.7,7.3126e+05,-2433.7,296.16,-343.46,404.61,-264.18,-5.85e+05,4.3875e+05,0
-2435.3,7.3169e+05,-2435.3,295.87,-343.32,405.11,-263.92,-5.852e+05,4.392e+05,0
-2437,7.3212e+05,-2437,295.58,-343.17,405.62,-263.66,-5.854e+05,4.3965e+05,0
-2438.6,7.3255e+05,-2438.6,295.29,-343.02,406.13,-263.4,-5.856e+05,4.401e+05,0
-2440.1,7.3298e+05,-2440.1,294.98,-342.87,406.65,-263.13,-5.858e+05,4.4055e+05,0
-2441.3,7.3341e+05,-2441.3,294.66,-342.71,407.2,-262.85,-5.86e+05,4.41e+05,0
-2442.5,7.3384e+05,-2442.5,294.34,-342.54,407.74,-262.56,-5.862e+05,4.4145e+05,0
-2443.8,7.3427e+05,-2443.8,294.03,-342.34,408.31,-262.28,-5.864e+05,4.419e+05,0
-2445.3,7.347e+05,-2445.3,293.73,-342.09,408.91,-262.01,-5.866e+05,4.4235e+05,0
-2446.8,7.3513e+05,-2446.8,293.42,-341.85,409.51,-261.74,-5.868e+05,4.428e+05,0
-2448.4,7.3556e+05,-2448.4,293.12,-341.6,410.11,-261.47,-5.87e+05,4.4325e+05,0
-2449.9,7.3599e+05,-2449.9,292.81,-341.36,410.7,-261.2,-5.872e+05,4.437e+05,0
-2451.4,7.3642e+05,-2451.4,292.51,-341.11,411.3,-260.92,-5.874e+05,4.4415e+05,0
-2452.9,7.3685e+05,-2452.9,292.2,-340.87,411.9,-260.65,-5.876e+05,4.446e+05,0
-2454.4,7.3728e+05,-2454.4,291.9,-340.62,412.5,-260.38,-5.878e+05,4.4505e+05,0
-2455.9,7.3771e+05,-2455.9,291.6,-340.38,413.1,-260.11,-5.88e+05,4.455e+05,0
-2457.5,7.3815e+05,-2457.5,291.29,-340.13,413.69,-259.84,-5.882e+05,4.4595e+05,0
-2459,7.3858e+05,-2459,290.99,-339.89,414.29,-259.57,-5.884e+05,4.464e+05,0
-2460.5,7.3901e+05,-2460.5,290.68,-339.64,414.89,-259.3,-5.886e+05,4.4685e+05,0
-2462,7.3944e+05,-2462,290.38,-339.4,415.49,-259.03,-5.888e+05,4.473e+05,0
-2463.5,7.3987e+05,-2463.5,290.08,-339.15,416.09,-258.75,-5.89e+05,4.4775e+05,0
-2465,7.403e+05,-2465,289.77,-338.91,416.68,-258.48,-5.892e+05,4.482e+05,0
-2466.6,7.4073e+05,-2466.6,289.47,-338.66,417.28,-258.21,-5.894e+05,4.4865e+05,0
-2468.1,7.4116e+05,-2468.1,289.16,-338.42,417.88,-257.94,-5.896e+05,4.491e+05,0
-2469.6,7.4159e+05,-2469.6,288.86,-338.17,418.48,-257.67,-5.898e+05,4.4955e+05,0
-2471.1,7.4203e+05,-2471.1,288.55,-337.93,419.08,-257.4,-5.9e+05,4.5e+05,0
